id,hotspotName,hotspotType,username,clickResult,clickTime,remarks
6,test,quotes,admin,\N,8/8/2020 6:01,\N
7,test,vocabulary,admin,\N,8/8/2020 6:22,\N
8,test,vocabulary,admin,\N,8/8/2020 6:23,\N
9,test,vocabulary,admin,\N,8/8/2020 6:26,\N
10,test-KT,vocabulary,admin,\N,8/9/2020 23:55,\N
11,Test,quotes,admin,\N,8/11/2020 8:30,None
12,Test,quotes,admin,\N,8/11/2020 8:32,None
13,brid,words,xihongshi,\N,8/11/2020 8:35,test
14,Test,quotes,admin,\N,8/11/2020 8:38,None
15,test-KT2,vocabulary,admin,\N,8/12/2020 0:53,\N
16,test-KT3,vocabulary,admin,\N,8/12/2020 1:10,\N
17,postman-test,vocabulary,admin,\N,8/12/2020 1:26,\N
18,test3,vocabulary,a,\N,8/13/2020 21:13,\N
19,test5,vocabulary,admin,\N,8/13/2020 21:18,\N
20,test,vocabulary,admin,\N,8/13/2020 23:36,\N
21,P4,words,xihongshi,nobody,8/14/2020 2:20,
22,P4,words,xihongshi,nobody,8/14/2020 3:07,
23,P4,words,xihongshi,nobody,8/14/2020 6:38,
24,P4,words,xihongshi,nobody,8/14/2020 6:53,
25,P4,words,xihongshi,nobody,8/14/2020 6:53,
26,P4,words,xihongshi,nobody,8/14/2020 6:55,
27,P4,words,xihongshi,nobody,8/14/2020 6:56,
28,P4,words,xihongshi,nobody,8/14/2020 7:14,
29,P4,words,xihongshi,nobody,8/14/2020 8:22,
30,P4,words,xihongshi,nobody,8/14/2020 8:33,
31,P4,words,xihongshi,nobody,8/14/2020 8:33,
32,p2_beautiful,vocabulary,xihongshi,,8/14/2020 8:51,\N
33,p2_butterfly,vocabulary,xihongshi,,8/14/2020 8:51,\N
34,p1_nextButton,next_button,xihongshi,,8/14/2020 9:12,\N
35,p1_nextButton,next_button,xihongshi,,8/14/2020 9:12,\N
36,p2_butterfly,vocabulary,xihongshi,,8/14/2020 9:12,\N
37,p2_nextButton,next_button,xihongshi,,8/14/2020 9:12,\N
38,p3_disappointed,vocabulary,xihongshi,,8/14/2020 9:13,\N
39,p3_nextButton,next_button,xihongshi,,8/14/2020 9:13,\N
40,q2,discussion,xihongshi,b,8/14/2020 9:13,\N
41,p1_nextButton,next_button,xihongshi,,8/14/2020 9:30,\N
42,p1_nextButton,next_button,xihongshi,,8/14/2020 10:10,\N
43,p1_nextButton,next_button,xihongshi,,8/14/2020 10:10,\N
44,p2_butterfly,vocabulary,xihongshi,,8/14/2020 10:10,\N
45,p2_nextButton,next_button,xihongshi,,8/14/2020 10:11,\N
46,p3_replayButton,replay_button,xihongshi,,8/14/2020 10:11,\N
47,p3_backButton,back_button,xihongshi,,8/14/2020 10:11,\N
48,p1_nextButton,next_button,xihongshi,,8/14/2020 10:29,\N
49,p1_nextButton,next_button,xihongshi,,8/14/2020 23:41,\N
50,p1_nextButton,next_button,xihongshi,,8/14/2020 23:41,\N
51,p2_cocoon,vocabulary,xihongshi,,8/14/2020 23:41,\N
52,p2_butterfly,vocabulary,xihongshi,,8/14/2020 23:41,\N
53,p1_nextButton,next_button,xihongshi,,8/14/2020 23:55,\N
54,p1_nextButton,next_button,xihongshi,,8/14/2020 23:55,\N
55,p2_replayButton,replay_button,xihongshi,,8/14/2020 23:55,\N
56,p2_nextButton,next_button,xihongshi,,8/14/2020 23:55,\N
57,p3_disappointed,vocabulary,xihongshi,,8/14/2020 23:55,\N
58,p3_leaf,vocabulary,xihongshi,,8/14/2020 23:55,\N
59,p3_dry,vocabulary,xihongshi,,8/14/2020 23:55,\N
60,p3_see,vocabulary,xihongshi,,8/14/2020 23:55,\N
61,p1_nextButton,next_button,xihongshi,,8/17/2020 5:55,\N
62,p1_nextButton,next_button,xihongshi,,8/17/2020 5:55,\N
63,p2_nextButton,next_button,xihongshi,,8/17/2020 5:55,\N
64,p3_nextButton,next_button,xihongshi,,8/17/2020 5:56,\N
65,p4_nextButton,next_button,xihongshi,,8/17/2020 5:57,\N
66,p5_nextButton,next_button,xihongshi,,8/17/2020 5:57,\N
67,p6_nextButton,next_button,xihongshi,,8/17/2020 5:57,\N
68,p7_nextButton,next_button,xihongshi,,8/17/2020 5:57,\N
69,p8_nextButton,next_button,xihongshi,,8/17/2020 5:58,\N
70,p9_nextButton,next_button,xihongshi,,8/17/2020 5:58,\N
71,p10_nextButton,next_button,xihongshi,,8/17/2020 5:58,\N
72,p11_nextButton,next_button,xihongshi,,8/17/2020 5:58,\N
73,p12_nextButton,next_button,xihongshi,,8/17/2020 5:58,\N
74,p13_nextButton,next_button,xihongshi,,8/17/2020 5:59,\N
75,p14_nextButton,next_button,xihongshi,,8/17/2020 5:59,\N
76,p15_nextButton,next_button,xihongshi,,8/17/2020 5:59,\N
77,p16_nextButton,next_button,xihongshi,,8/17/2020 5:59,\N
78,p17_nextButton,next_button,xihongshi,,8/17/2020 5:59,\N
79,p18_hero,vocabulary,xihongshi,,8/17/2020 5:59,\N
80,p18_party,vocabulary,xihongshi,,8/17/2020 5:59,\N
81,p18_nextButton,next_button,xihongshi,,8/17/2020 6:00,\N
82,p18_nextButton,next_button,xihongshi,,8/17/2020 6:00,\N
83,p18_nextButton,next_button,xihongshi,,8/17/2020 6:00,\N
84,p18_nextButton,next_button,xihongshi,,8/17/2020 6:00,\N
85,p18_nextButton,next_button,xihongshi,,8/17/2020 6:00,\N
86,p1_nextButton,next_button,xihongshi,,8/17/2020 6:01,\N
87,p1_nextButton,next_button,xihongshi,,8/17/2020 6:01,\N
88,p2_nextButton,next_button,xihongshi,,8/17/2020 6:01,\N
89,p3_nextButton,next_button,xihongshi,,8/17/2020 6:01,\N
90,q2_nextButton,next_button,xihongshi,,8/17/2020 6:01,\N
91,p4_nextButton,next_button,xihongshi,,8/17/2020 6:01,\N
92,q3_nextButton,next_button,xihongshi,,8/17/2020 6:01,\N
93,p5_nextButton,next_button,xihongshi,,8/17/2020 6:01,\N
94,p6_nextButton,next_button,xihongshi,,8/17/2020 6:01,\N
95,p6_nextButton,next_button,xihongshi,,8/17/2020 6:01,\N
96,p7_nextButton,next_button,xihongshi,,8/17/2020 6:01,\N
97,q6_nextButton,next_button,xihongshi,,8/17/2020 6:01,\N
98,p8_nextButton,next_button,xihongshi,,8/17/2020 6:01,\N
99,p9_nextButton,next_button,xihongshi,,8/17/2020 6:01,\N
100,p6_nextButton,next_button,xihongshi,,8/17/2020 6:01,\N
101,p10_nextButton,next_button,xihongshi,,8/17/2020 6:01,\N
102,p11_nextButton,next_button,xihongshi,,8/17/2020 6:01,\N
103,q10_nextButton,next_button,xihongshi,,8/17/2020 6:01,\N
104,p12_nextButton,next_button,xihongshi,,8/17/2020 6:01,\N
105,p12_nextButton,next_button,xihongshi,,8/17/2020 6:01,\N
106,p13_nextButton,next_button,xihongshi,,8/17/2020 6:01,\N
107,p14_nextButton,next_button,xihongshi,,8/17/2020 6:01,\N
108,p15_nextButton,next_button,xihongshi,,8/17/2020 6:01,\N
109,p15_nextButton,next_button,xihongshi,,8/17/2020 6:01,\N
110,p16_nextButton,next_button,xihongshi,,8/17/2020 6:01,\N
111,p17_nextButton,next_button,xihongshi,,8/17/2020 6:01,\N
112,p17_nextButton,next_button,xihongshi,,8/17/2020 6:01,\N
113,p18_nextButton,next_button,xihongshi,,8/17/2020 6:01,\N
114,q17_nextButton,next_button,xihongshi,,8/17/2020 6:01,\N
115,q17_nextButton,next_button,xihongshi,,8/17/2020 6:01,\N
116,q17_nextButton,next_button,xihongshi,,8/17/2020 6:01,\N
117,q17_nextButton,next_button,xihongshi,,8/17/2020 6:01,\N
118,q17_nextButton,next_button,xihongshi,,8/17/2020 6:01,\N
119,q17_nextButton,next_button,xihongshi,,8/17/2020 6:01,\N
120,q17_nextButton,next_button,xihongshi,,8/17/2020 6:01,\N
121,q17_nextButton,next_button,xihongshi,,8/17/2020 6:01,\N
122,p18_backButton,back_button,xihongshi,,8/17/2020 6:01,\N
123,p18_nextButton,next_button,xihongshi,,8/17/2020 6:02,\N
124,q17_nextButton,next_button,xihongshi,,8/17/2020 6:02,\N
125,q17_nextButton,next_button,xihongshi,,8/17/2020 6:02,\N
126,q17_nextButton,next_button,xihongshi,,8/17/2020 6:02,\N
127,q17_nextButton,next_button,xihongshi,,8/17/2020 6:02,\N
128,q17_nextButton,next_button,xihongshi,,8/17/2020 6:02,\N
129,q17_nextButton,next_button,xihongshi,,8/17/2020 6:02,\N
130,q17_nextButton,next_button,xihongshi,,8/17/2020 6:02,\N
131,q17_nextButton,next_button,xihongshi,,8/17/2020 6:02,\N
132,q17_nextButton,next_button,xihongshi,,8/17/2020 6:02,\N
133,q17,discussion,xihongshi,question,8/17/2020 6:02,\N
134,q17,discussion,xihongshi,question,8/17/2020 6:02,\N
135,q17,discussion,xihongshi,question,8/17/2020 6:02,\N
136,q17,discussion,xihongshi,question,8/17/2020 6:02,\N
137,q17,discussion,xihongshi,question,8/17/2020 6:02,\N
138,q17,discussion,xihongshi,question,8/17/2020 6:02,\N
139,q17,discussion,xihongshi,question,8/17/2020 6:02,\N
140,q17,discussion,xihongshi,question,8/17/2020 6:02,\N
141,q17,discussion,xihongshi,question,8/17/2020 6:02,\N
142,q17,discussion,xihongshi,question,8/17/2020 6:02,\N
143,q17,discussion,xihongshi,question,8/17/2020 6:02,\N
144,q17,discussion,xihongshi,question,8/17/2020 6:02,\N
145,q17_nextButton,next_button,xihongshi,,8/17/2020 6:05,\N
146,q17_nextButton,next_button,xihongshi,,8/17/2020 6:05,\N
147,q17_nextButton,next_button,xihongshi,,8/17/2020 6:05,\N
148,q17_nextButton,next_button,xihongshi,,8/17/2020 6:05,\N
149,q17_nextButton,next_button,xihongshi,,8/17/2020 6:05,\N
150,q17_nextButton,next_button,xihongshi,,8/17/2020 6:05,\N
151,q17_nextButton,next_button,xihongshi,,8/17/2020 6:05,\N
152,p1_nextButton,next_button,xihongshi,,8/17/2020 6:23,\N
153,p1_nextButton,next_button,xihongshi,,8/17/2020 6:23,\N
154,p2_nextButton,next_button,xihongshi,,8/17/2020 6:23,\N
155,p3_nextButton,next_button,xihongshi,,8/17/2020 6:23,\N
156,q3_nextButton,next_button,xihongshi,,8/17/2020 6:23,\N
157,p4_backButton,back_button,xihongshi,,8/17/2020 6:23,\N
158,q3_nextButton,next_button,xihongshi,,8/17/2020 6:23,\N
159,p4_nextButton,next_button,xihongshi,,8/17/2020 6:23,\N
160,p5_nextButton,next_button,xihongshi,,8/17/2020 6:23,\N
161,q5_nextButton,next_button,xihongshi,,8/17/2020 6:23,\N
162,p6_nextButton,next_button,xihongshi,,8/17/2020 6:23,\N
163,q6_nextButton,next_button,xihongshi,,8/17/2020 6:23,\N
164,p7_nextButton,next_button,xihongshi,,8/17/2020 6:23,\N
165,q7_nextButton,next_button,xihongshi,,8/17/2020 6:23,\N
166,p8_nextButton,next_button,xihongshi,,8/17/2020 6:23,\N
167,p9_nextButton,next_button,xihongshi,,8/17/2020 6:23,\N
168,q9_nextButton,next_button,xihongshi,,8/17/2020 6:23,\N
169,p10_nextButton,next_button,xihongshi,,8/17/2020 6:23,\N
170,q10_nextButton,next_button,xihongshi,,8/17/2020 6:23,\N
171,p11_nextButton,next_button,xihongshi,,8/17/2020 6:23,\N
172,p12_nextButton,next_button,xihongshi,,8/17/2020 6:23,\N
173,p13_nextButton,next_button,xihongshi,,8/17/2020 6:23,\N
174,p14_nextButton,next_button,xihongshi,,8/17/2020 6:23,\N
175,q14_nextButton,next_button,xihongshi,,8/17/2020 6:23,\N
176,p15_nextButton,next_button,xihongshi,,8/17/2020 6:23,\N
177,p16_nextButton,next_button,xihongshi,,8/17/2020 6:23,\N
178,q16_nextButton,next_button,xihongshi,,8/17/2020 6:23,\N
179,p17_nextButton,next_button,xihongshi,,8/17/2020 6:23,\N
180,q17_nextButton,next_button,xihongshi,,8/17/2020 6:23,\N
181,p18_nextButton,next_button,xihongshi,,8/17/2020 6:23,\N
182,q18_nextButton,next_button,xihongshi,,8/17/2020 6:23,\N
183,p1_nextButton,next_button,xihongshi,,8/17/2020 6:23,\N
184,p1_nextButton,next_button,xihongshi,,8/17/2020 6:23,\N
185,p2_nextButton,next_button,xihongshi,,8/17/2020 6:23,\N
186,p3_nextButton,next_button,xihongshi,,8/17/2020 6:23,\N
187,p3_nextButton,next_button,xihongshi,,8/17/2020 6:23,\N
188,p4_nextButton,next_button,xihongshi,,8/17/2020 6:23,\N
189,p5_nextButton,next_button,xihongshi,,8/17/2020 6:24,\N
190,p6_nextButton,next_button,xihongshi,,8/17/2020 6:24,\N
191,p7_nextButton,next_button,xihongshi,,8/17/2020 6:24,\N
192,p8_nextButton,next_button,xihongshi,,8/17/2020 6:24,\N
193,p9_nextButton,next_button,xihongshi,,8/17/2020 6:24,\N
194,p10_nextButton,next_button,xihongshi,,8/17/2020 6:24,\N
195,p1_nextButton,next_button,xihongshi,,8/18/2020 2:14,\N
196,p1_nextButton,next_button,xihongshi,,8/18/2020 2:14,\N
197,p2_nextButton,next_button,xihongshi,,8/18/2020 2:14,\N
198,p3_nextButton,next_button,xihongshi,,8/18/2020 2:14,\N
199,p4_nextButton,next_button,xihongshi,,8/18/2020 2:14,\N
200,p5_nextButton,next_button,xihongshi,,8/18/2020 2:14,\N
201,p6_nextButton,next_button,xihongshi,,8/18/2020 2:14,\N
202,p7_nextButton,next_button,xihongshi,,8/18/2020 2:14,\N
203,p8_nextButton,next_button,xihongshi,,8/18/2020 2:14,\N
204,p9_nextButton,next_button,xihongshi,,8/18/2020 2:14,\N
205,p10_nextButton,next_button,xihongshi,,8/18/2020 2:14,\N
206,p11_nextButton,next_button,xihongshi,,8/18/2020 2:14,\N
207,p12_backButton,back_button,xihongshi,,8/18/2020 2:14,\N
208,p11_nextButton,next_button,xihongshi,,8/18/2020 2:15,\N
209,p12_nextButton,next_button,xihongshi,,8/18/2020 2:15,\N
210,p13_nextButton,next_button,xihongshi,,8/18/2020 2:15,\N
211,p14_nextButton,next_button,xihongshi,,8/18/2020 2:15,\N
212,p15_nextButton,next_button,xihongshi,,8/18/2020 2:15,\N
213,p16_nextButton,next_button,xihongshi,,8/18/2020 2:15,\N
214,p17_nextButton,next_button,xihongshi,,8/18/2020 2:16,\N
215,p18_nextButton,next_button,xihongshi,,8/18/2020 2:16,\N
216,p18_nextButton,next_button,xihongshi,,8/18/2020 2:16,\N
217,p18_nextButton,next_button,xihongshi,,8/18/2020 2:16,\N
218,p18_nextButton,next_button,xihongshi,,8/18/2020 2:16,\N
219,p18_nextButton,next_button,xihongshi,,8/18/2020 2:16,\N
220,p18_nextButton,next_button,xihongshi,,8/18/2020 2:16,\N
221,p18_nextButton,next_button,xihongshi,,8/18/2020 2:16,\N
222,p18_nextButton,next_button,xihongshi,,8/18/2020 2:16,\N
223,p18_nextButton,next_button,xihongshi,,8/18/2020 2:16,\N
224,p18_nextButton,next_button,xihongshi,,8/18/2020 2:16,\N
225,p18_nextButton,next_button,xihongshi,,8/18/2020 2:16,\N
226,p18_nextButton,next_button,xihongshi,,8/18/2020 2:16,\N
227,p18_nextButton,next_button,xihongshi,,8/18/2020 2:16,\N
228,p18_nextButton,next_button,xihongshi,,8/18/2020 2:16,\N
229,p18_nextButton,next_button,xihongshi,,8/18/2020 2:16,\N
230,p18_nextButton,next_button,xihongshi,,8/18/2020 2:16,\N
231,p18_nextButton,next_button,xihongshi,,8/18/2020 2:16,\N
232,p18_nextButton,next_button,xihongshi,,8/18/2020 2:16,\N
233,p18_nextButton,next_button,xihongshi,,8/18/2020 2:16,\N
234,p18_nextButton,next_button,xihongshi,,8/18/2020 2:16,\N
235,p18_nextButton,next_button,xihongshi,,8/18/2020 2:16,\N
236,p18_nextButton,next_button,xihongshi,,8/18/2020 2:16,\N
237,p18_nextButton,next_button,xihongshi,,8/18/2020 2:16,\N
238,p18_nextButton,next_button,xihongshi,,8/18/2020 2:16,\N
239,p18_nextButton,next_button,xihongshi,,8/18/2020 2:16,\N
240,p18_nextButton,next_button,xihongshi,,8/18/2020 2:16,\N
241,p18_nextButton,next_button,xihongshi,,8/18/2020 2:16,\N
242,p18_nextButton,next_button,xihongshi,,8/18/2020 2:16,\N
243,p18_nextButton,next_button,xihongshi,,8/18/2020 2:16,\N
244,p18_nextButton,next_button,xihongshi,,8/18/2020 2:16,\N
245,p18_nextButton,next_button,xihongshi,,8/18/2020 2:16,\N
246,p18_nextButton,next_button,xihongshi,,8/18/2020 2:16,\N
247,p18_nextButton,next_button,xihongshi,,8/18/2020 2:16,\N
248,p18_nextButton,next_button,xihongshi,,8/18/2020 2:16,\N
249,p18_nextButton,next_button,xihongshi,,8/18/2020 2:16,\N
250,p18_nextButton,next_button,xihongshi,,8/18/2020 2:16,\N
251,p18_nextButton,next_button,xihongshi,,8/18/2020 2:16,\N
252,p1_nextButton,next_button,xihongshi,,8/18/2020 2:16,\N
253,p1_nextButton,next_button,xihongshi,,8/18/2020 2:16,\N
254,p2_nextButton,next_button,xihongshi,,8/18/2020 2:16,\N
255,p3_nextButton,next_button,xihongshi,,8/18/2020 2:16,\N
256,q2_nextButton,next_button,xihongshi,,8/18/2020 2:16,\N
257,p4_nextButton,next_button,xihongshi,,8/18/2020 2:16,\N
258,q3_nextButton,next_button,xihongshi,,8/18/2020 2:16,\N
259,p5_nextButton,next_button,xihongshi,,8/18/2020 2:16,\N
260,p6_nextButton,next_button,xihongshi,,8/18/2020 2:16,\N
261,p6_nextButton,next_button,xihongshi,,8/18/2020 2:16,\N
262,p7_nextButton,next_button,xihongshi,,8/18/2020 2:16,\N
263,q6_nextButton,next_button,xihongshi,,8/18/2020 2:16,\N
264,p8_nextButton,next_button,xihongshi,,8/18/2020 2:16,\N
265,p9_nextButton,next_button,xihongshi,,8/18/2020 2:16,\N
266,p6_nextButton,next_button,xihongshi,,8/18/2020 2:16,\N
267,p6_nextButton,next_button,xihongshi,,8/18/2020 2:16,\N
268,p6_nextButton,next_button,xihongshi,,8/18/2020 2:16,\N
269,p6_nextButton,next_button,xihongshi,,8/18/2020 2:16,\N
270,p10_nextButton,next_button,xihongshi,,8/18/2020 2:16,\N
271,p11_nextButton,next_button,xihongshi,,8/18/2020 2:16,\N
272,q10_nextButton,next_button,xihongshi,,8/18/2020 2:16,\N
273,p12_nextButton,next_button,xihongshi,,8/18/2020 2:16,\N
274,p12_nextButton,next_button,xihongshi,,8/18/2020 2:16,\N
275,p13_nextButton,next_button,xihongshi,,8/18/2020 2:16,\N
276,p14_nextButton,next_button,xihongshi,,8/18/2020 2:16,\N
277,p15_nextButton,next_button,xihongshi,,8/18/2020 2:16,\N
278,p15_nextButton,next_button,xihongshi,,8/18/2020 2:16,\N
279,p16_nextButton,next_button,xihongshi,,8/18/2020 2:16,\N
280,p16_nextButton,next_button,xihongshi,,8/18/2020 2:16,\N
281,p17_nextButton,next_button,xihongshi,,8/18/2020 2:16,\N
282,p17_nextButton,next_button,xihongshi,,8/18/2020 2:16,\N
283,p17_nextButton,next_button,xihongshi,,8/18/2020 2:16,\N
284,p18_nextButton,next_button,xihongshi,,8/18/2020 2:16,\N
285,q17_nextButton,next_button,xihongshi,,8/18/2020 2:16,\N
286,q17_nextButton,next_button,xihongshi,,8/18/2020 2:16,\N
287,q17_nextButton,next_button,xihongshi,,8/18/2020 2:16,\N
288,q17_nextButton,next_button,xihongshi,,8/18/2020 2:16,\N
289,p18_replayButton,replay_button,xihongshi,,8/18/2020 2:17,\N
290,p18_backButton,back_button,xihongshi,,8/18/2020 2:17,\N
291,p18_nextButton,next_button,xihongshi,,8/18/2020 2:17,\N
292,q17_nextButton,next_button,xihongshi,,8/18/2020 2:17,\N
293,q17_nextButton,next_button,xihongshi,,8/18/2020 2:17,\N
294,p1_nextButton,next_button,xihongshi,,8/18/2020 2:36,\N
295,p1_nextButton,next_button,xihongshi,,8/18/2020 2:36,\N
296,p2_nextButton,next_button,xihongshi,,8/18/2020 2:36,\N
297,p3_nextButton,next_button,xihongshi,,8/18/2020 2:36,\N
298,p4_nextButton,next_button,xihongshi,,8/18/2020 2:36,\N
299,p5_nextButton,next_button,xihongshi,,8/18/2020 2:36,\N
300,p6_nextButton,next_button,xihongshi,,8/18/2020 2:36,\N
301,p7_nextButton,next_button,xihongshi,,8/18/2020 2:36,\N
302,p8_nextButton,next_button,xihongshi,,8/18/2020 2:36,\N
303,p8_nextButton,next_button,xihongshi,,8/18/2020 2:36,\N
304,p8_nextButton,next_button,xihongshi,,8/18/2020 2:36,\N
305,p8_nextButton,next_button,xihongshi,,8/18/2020 2:36,\N
306,p9_nextButton,next_button,xihongshi,,8/18/2020 2:36,\N
307,p10_nextButton,next_button,xihongshi,,8/18/2020 2:36,\N
308,p11_nextButton,next_button,xihongshi,,8/18/2020 2:36,\N
309,p12_nextButton,next_button,xihongshi,,8/18/2020 2:36,\N
310,p13_nextButton,next_button,xihongshi,,8/18/2020 2:36,\N
311,p14_nextButton,next_button,xihongshi,,8/18/2020 2:36,\N
312,p15_nextButton,next_button,xihongshi,,8/18/2020 2:36,\N
313,p16_nextButton,next_button,xihongshi,,8/18/2020 2:36,\N
314,p17_nextButton,next_button,xihongshi,,8/18/2020 2:36,\N
315,p18_nextButton,next_button,xihongshi,,8/18/2020 2:36,\N
316,p18_nextButton,next_button,xihongshi,,8/18/2020 2:36,\N
317,p18_nextButton,next_button,xihongshi,,8/18/2020 2:36,\N
318,p18_nextButton,next_button,xihongshi,,8/18/2020 2:36,\N
319,p18_nextButton,next_button,xihongshi,,8/18/2020 2:36,\N
320,p18_nextButton,next_button,xihongshi,,8/18/2020 2:36,\N
321,p18_nextButton,next_button,xihongshi,,8/18/2020 2:36,\N
322,p1_nextButton,next_button,xihongshi,,8/18/2020 2:39,\N
323,p1_nextButton,next_button,xihongshi,,8/18/2020 2:39,\N
324,p2_nextButton,next_button,xihongshi,,8/18/2020 2:39,\N
325,p3_nextButton,next_button,xihongshi,,8/18/2020 2:39,\N
326,p4_nextButton,next_button,xihongshi,,8/18/2020 2:39,\N
327,p5_nextButton,next_button,xihongshi,,8/18/2020 2:39,\N
328,p6_nextButton,next_button,xihongshi,,8/18/2020 2:39,\N
329,p7_nextButton,next_button,xihongshi,,8/18/2020 2:39,\N
330,p8_nextButton,next_button,xihongshi,,8/18/2020 2:39,\N
331,p9_nextButton,next_button,xihongshi,,8/18/2020 2:39,\N
332,p10_nextButton,next_button,xihongshi,,8/18/2020 2:39,\N
333,p11_nextButton,next_button,xihongshi,,8/18/2020 2:39,\N
334,p12_nextButton,next_button,xihongshi,,8/18/2020 2:39,\N
335,p14_nextButton,next_button,xihongshi,,8/18/2020 2:39,\N
336,p13_nextButton,next_button,xihongshi,,8/18/2020 2:39,\N
337,p15_nextButton,next_button,xihongshi,,8/18/2020 2:39,\N
338,p16_nextButton,next_button,xihongshi,,8/18/2020 2:39,\N
339,p17_nextButton,next_button,xihongshi,,8/18/2020 2:39,\N
340,p18_nextButton,next_button,xihongshi,,8/18/2020 2:39,\N
341,p18_nextButton,next_button,xihongshi,,8/18/2020 2:39,\N
342,p18_nextButton,next_button,xihongshi,,8/18/2020 2:39,\N
343,p18_nextButton,next_button,xihongshi,,8/18/2020 2:39,\N
344,p18_nextButton,next_button,xihongshi,,8/18/2020 2:39,\N
345,p18_nextButton,next_button,xihongshi,,8/18/2020 2:39,\N
346,p18_nextButton,next_button,xihongshi,,8/18/2020 2:39,\N
347,p18_nextButton,next_button,xihongshi,,8/18/2020 2:39,\N
348,p18_nextButton,next_button,xihongshi,,8/18/2020 2:39,\N
349,p18_nextButton,next_button,xihongshi,,8/18/2020 2:39,\N
350,p18_nextButton,next_button,xihongshi,,8/18/2020 2:39,\N
351,p18_nextButton,next_button,xihongshi,,8/18/2020 2:39,\N
352,p18_nextButton,next_button,xihongshi,,8/18/2020 2:39,\N
353,p18_nextButton,next_button,xihongshi,,8/18/2020 2:39,\N
354,p18_nextButton,next_button,xihongshi,,8/18/2020 2:39,\N
355,p18_nextButton,next_button,xihongshi,,8/18/2020 2:39,\N
356,p18_nextButton,next_button,xihongshi,,8/18/2020 2:39,\N
357,p18_nextButton,next_button,xihongshi,,8/18/2020 2:39,\N
358,p18_nextButton,next_button,xihongshi,,8/18/2020 2:39,\N
359,p18_nextButton,next_button,xihongshi,,8/18/2020 2:39,\N
360,p18_nextButton,next_button,xihongshi,,8/18/2020 2:39,\N
361,p1_nextButton,next_button,xihongshi,,8/18/2020 5:25,\N
362,p1_nextButton,next_button,xihongshi,,8/18/2020 5:25,\N
363,p2_nextButton,next_button,xihongshi,,8/18/2020 5:25,\N
364,p3_nextButton,next_button,xihongshi,,8/18/2020 5:25,\N
365,p4_nextButton,next_button,xihongshi,,8/18/2020 5:25,\N
366,p5_nextButton,next_button,xihongshi,,8/18/2020 5:25,\N
367,p6_nextButton,next_button,xihongshi,,8/18/2020 5:25,\N
368,p7_nextButton,next_button,xihongshi,,8/18/2020 5:25,\N
369,p8_nextButton,next_button,xihongshi,,8/18/2020 5:25,\N
370,p9_nextButton,next_button,xihongshi,,8/18/2020 5:25,\N
371,p10_nextButton,next_button,xihongshi,,8/18/2020 5:25,\N
372,p11_nextButton,next_button,xihongshi,,8/18/2020 5:25,\N
373,p13_nextButton,next_button,xihongshi,,8/18/2020 5:25,\N
374,p12_nextButton,next_button,xihongshi,,8/18/2020 5:25,\N
375,p14_nextButton,next_button,xihongshi,,8/18/2020 5:25,\N
376,p15_nextButton,next_button,xihongshi,,8/18/2020 5:25,\N
377,p16_nextButton,next_button,xihongshi,,8/18/2020 5:25,\N
378,p17_nextButton,next_button,xihongshi,,8/18/2020 5:25,\N
379,p18_nextButton,next_button,xihongshi,,8/18/2020 5:25,\N
380,p18_nextButton,next_button,xihongshi,,8/18/2020 5:25,\N
381,p18_nextButton,next_button,xihongshi,,8/18/2020 5:25,\N
382,p18_nextButton,next_button,xihongshi,,8/18/2020 5:25,\N
383,p18_nextButton,next_button,xihongshi,,8/18/2020 5:25,\N
384,p18_nextButton,next_button,xihongshi,,8/18/2020 5:25,\N
385,p18_nextButton,next_button,xihongshi,,8/18/2020 5:25,\N
386,p18_nextButton,next_button,xihongshi,,8/18/2020 5:25,\N
387,p18_nextButton,next_button,xihongshi,,8/18/2020 5:25,\N
388,p18_nextButton,next_button,xihongshi,,8/18/2020 5:25,\N
389,p18_nextButton,next_button,xihongshi,,8/18/2020 5:25,\N
390,p18_nextButton,next_button,xihongshi,,8/18/2020 5:25,\N
391,p18_nextButton,next_button,xihongshi,,8/18/2020 5:25,\N
392,p18_nextButton,next_button,xihongshi,,8/18/2020 5:25,\N
393,p18_nextButton,next_button,xihongshi,,8/18/2020 5:25,\N
394,p18_nextButton,next_button,xihongshi,,8/18/2020 5:25,\N
395,p18_nextButton,next_button,xihongshi,,8/18/2020 5:25,\N
396,p18_nextButton,next_button,xihongshi,,8/18/2020 5:25,\N
397,p18_nextButton,next_button,xihongshi,,8/18/2020 5:25,\N
398,p18_nextButton,next_button,xihongshi,,8/18/2020 5:25,\N
399,p18_nextButton,next_button,xihongshi,,8/18/2020 5:25,\N
400,p18_nextButton,next_button,xihongshi,,8/18/2020 5:25,\N
401,p18_nextButton,next_button,xihongshi,,8/18/2020 5:25,\N
402,p18_nextButton,next_button,xihongshi,,8/18/2020 5:25,\N
403,p18_nextButton,next_button,xihongshi,,8/18/2020 5:25,\N
404,p18_nextButton,next_button,xihongshi,,8/18/2020 5:25,\N
405,p18_nextButton,next_button,xihongshi,,8/18/2020 5:25,\N
406,p18_nextButton,next_button,xihongshi,,8/18/2020 5:25,\N
407,p18_nextButton,next_button,xihongshi,,8/18/2020 5:25,\N
408,p18_nextButton,next_button,xihongshi,,8/18/2020 5:25,\N
409,p18_nextButton,next_button,xihongshi,,8/18/2020 5:25,\N
410,p18_nextButton,next_button,xihongshi,,8/18/2020 5:25,\N
411,p18_nextButton,next_button,xihongshi,,8/18/2020 5:25,\N
412,p1_nextButton,next_button,xihongshi,,8/18/2020 5:26,\N
413,p1_nextButton,next_button,xihongshi,,8/18/2020 5:26,\N
414,p2_nextButton,next_button,xihongshi,,8/18/2020 5:26,\N
415,p3_nextButton,next_button,xihongshi,,8/18/2020 5:26,\N
416,q2_nextButton,next_button,xihongshi,,8/18/2020 5:26,\N
417,p4_nextButton,next_button,xihongshi,,8/18/2020 5:26,\N
418,q3_nextButton,next_button,xihongshi,,8/18/2020 5:26,\N
419,p5_nextButton,next_button,xihongshi,,8/18/2020 5:26,\N
420,p6_nextButton,next_button,xihongshi,,8/18/2020 5:26,\N
421,p6_nextButton,next_button,xihongshi,,8/18/2020 5:26,\N
422,p7_nextButton,next_button,xihongshi,,8/18/2020 5:26,\N
423,q6_nextButton,next_button,xihongshi,,8/18/2020 5:26,\N
424,p8_nextButton,next_button,xihongshi,,8/18/2020 5:26,\N
425,p9_nextButton,next_button,xihongshi,,8/18/2020 5:26,\N
426,p6_nextButton,next_button,xihongshi,,8/18/2020 5:26,\N
427,p10_nextButton,next_button,xihongshi,,8/18/2020 5:26,\N
428,p11_nextButton,next_button,xihongshi,,8/18/2020 5:26,\N
429,q10_nextButton,next_button,xihongshi,,8/18/2020 5:26,\N
430,p12_nextButton,next_button,xihongshi,,8/18/2020 5:26,\N
431,p12_nextButton,next_button,xihongshi,,8/18/2020 5:26,\N
432,p13_nextButton,next_button,xihongshi,,8/18/2020 5:26,\N
433,p14_nextButton,next_button,xihongshi,,8/18/2020 5:26,\N
434,p15_nextButton,next_button,xihongshi,,8/18/2020 5:26,\N
435,p15_nextButton,next_button,xihongshi,,8/18/2020 5:26,\N
436,p16_nextButton,next_button,xihongshi,,8/18/2020 5:26,\N
437,p17_nextButton,next_button,xihongshi,,8/18/2020 5:26,\N
438,q16,discussion,xihongshi,c_answer,8/18/2020 5:26,\N
439,q16,discussion,xihongshi,b_answer,8/18/2020 5:26,\N
440,p17_nextButton,next_button,xihongshi,,8/18/2020 5:26,\N
441,p18_nextButton,next_button,xihongshi,,8/18/2020 5:26,\N
442,q17_nextButton,next_button,xihongshi,,8/18/2020 5:27,\N
443,p18_backButton,back_button,xihongshi,,8/18/2020 5:27,\N
444,p18_nextButton,next_button,xihongshi,,8/18/2020 5:27,\N
445,q17_nextButton,next_button,xihongshi,,8/18/2020 5:27,\N
446,q17_nextButton,next_button,xihongshi,,8/18/2020 5:27,\N
447,q17_nextButton,next_button,xihongshi,,8/18/2020 5:27,\N
448,q17_nextButton,next_button,xihongshi,,8/18/2020 5:27,\N
449,q17_nextButton,next_button,xihongshi,,8/18/2020 5:27,\N
450,q17_nextButton,next_button,xihongshi,,8/18/2020 5:27,\N
451,q17_nextButton,next_button,xihongshi,,8/18/2020 5:27,\N
452,q17_nextButton,next_button,xihongshi,,8/18/2020 5:27,\N
453,q17_nextButton,next_button,xihongshi,,8/18/2020 5:27,\N
454,q17_nextButton,next_button,xihongshi,,8/18/2020 5:27,\N
455,q17_nextButton,next_button,xihongshi,,8/18/2020 5:27,\N
456,q17_nextButton,next_button,xihongshi,,8/18/2020 5:27,\N
457,q17_nextButton,next_button,xihongshi,,8/18/2020 5:27,\N
458,p1_nextButton,next_button,xihongshi,,8/18/2020 6:25,\N
459,p1_nextButton,next_button,xihongshi,,8/18/2020 6:25,\N
460,p2_cocoon,vocabulary,xihongshi,,8/18/2020 6:25,\N
461,p2_butterfly,vocabulary,xihongshi,,8/18/2020 6:25,\N
462,p2_beautiful,vocabulary,xihongshi,,8/18/2020 6:25,\N
463,p2_stretch,vocabulary,xihongshi,,8/18/2020 6:25,\N
464,p2_nextButton,next_button,xihongshi,,8/18/2020 6:25,\N
465,p3_nextButton,next_button,xihongshi,,8/18/2020 6:25,\N
466,q2,discussion,xihongshi,a,8/18/2020 6:26,\N
467,p1_nextButton,next_button,xihongshi,,8/19/2020 1:19,\N
468,p1_nextButton,next_button,xihongshi,,8/19/2020 1:19,\N
469,p2_cocoon,vocabulary,xihongshi,,8/19/2020 1:19,\N
470,p2_butterfly,vocabulary,xihongshi,,8/19/2020 1:19,\N
471,p2_beautiful,vocabulary,xihongshi,,8/19/2020 1:19,\N
472,p2_deep,vocabulary,xihongshi,,8/19/2020 1:19,\N
473,p2_nextButton,next_button,xihongshi,,8/19/2020 1:19,\N
474,p3_nextButton,next_button,xihongshi,,8/19/2020 1:19,\N
475,p4_nextButton,next_button,xihongshi,,8/19/2020 1:19,\N
476,p5_nextButton,next_button,xihongshi,,8/19/2020 1:19,\N
477,p6_nextButton,next_button,xihongshi,,8/19/2020 1:19,\N
478,p7_nextButton,next_button,xihongshi,,8/19/2020 1:19,\N
479,p8_nextButton,next_button,xihongshi,,8/19/2020 1:19,\N
480,p9_nextButton,next_button,xihongshi,,8/19/2020 1:19,\N
481,p10_nextButton,next_button,xihongshi,,8/19/2020 1:19,\N
482,p11_nextButton,next_button,xihongshi,,8/19/2020 1:19,\N
483,p12_nextButton,next_button,xihongshi,,8/19/2020 1:19,\N
484,p13_nextButton,next_button,xihongshi,,8/19/2020 1:19,\N
485,p14_nextButton,next_button,xihongshi,,8/19/2020 1:19,\N
486,p15_nextButton,next_button,xihongshi,,8/19/2020 1:19,\N
487,p16_nextButton,next_button,xihongshi,,8/19/2020 1:19,\N
488,p17_nextButton,next_button,xihongshi,,8/19/2020 1:19,\N
489,p18_nextButton,next_button,xihongshi,,8/19/2020 1:19,\N
490,p1_nextButton,next_button,xihongshi,,8/19/2020 7:51,\N
491,p1_nextButton,next_button,xihongshi,,8/19/2020 7:51,\N
492,p2_nextButton,next_button,xihongshi,,8/19/2020 7:51,\N
493,p2_nextButton,next_button,xihongshi,,8/19/2020 7:51,\N
494,p2_nextButton,next_button,xihongshi,,8/19/2020 7:51,\N
495,p2_nextButton,next_button,xihongshi,,8/19/2020 7:51,\N
496,p2_nextButton,next_button,xihongshi,,8/19/2020 7:51,\N
497,p2_nextButton,next_button,xihongshi,,8/19/2020 7:51,\N
498,p3_nextButton,next_button,xihongshi,,8/19/2020 7:51,\N
499,p2_nextButton,next_button,xihongshi,,8/19/2020 7:51,\N
500,p3_nextButton,next_button,xihongshi,,8/19/2020 7:51,\N
501,p2_nextButton,next_button,xihongshi,,8/19/2020 7:51,\N
502,p3_nextButton,next_button,xihongshi,,8/19/2020 7:51,\N
503,q2_nextButton,next_button,xihongshi,,8/19/2020 7:51,\N
504,p3_nextButton,next_button,xihongshi,,8/19/2020 7:51,\N
505,p3_nextButton,next_button,xihongshi,,8/19/2020 7:51,\N
506,q2_nextButton,next_button,xihongshi,,8/19/2020 7:51,\N
507,q2_nextButton,next_button,xihongshi,,8/19/2020 7:51,\N
508,q2_nextButton,next_button,xihongshi,,8/19/2020 7:51,\N
509,q2_nextButton,next_button,xihongshi,,8/19/2020 7:51,\N
510,q2_nextButton,next_button,xihongshi,,8/19/2020 7:51,\N
511,q2_nextButton,next_button,xihongshi,,8/19/2020 7:51,\N
512,q2_nextButton,next_button,xihongshi,,8/19/2020 7:51,\N
513,q2_nextButton,next_button,xihongshi,,8/19/2020 7:51,\N
514,p4_nextButton,next_button,xihongshi,,8/19/2020 7:51,\N
515,p4_nextButton,next_button,xihongshi,,8/19/2020 7:51,\N
516,q2_nextButton,next_button,xihongshi,,8/19/2020 7:51,\N
517,p4_nextButton,next_button,xihongshi,,8/19/2020 7:51,\N
518,p4_nextButton,next_button,xihongshi,,8/19/2020 7:51,\N
519,q2_nextButton,next_button,xihongshi,,8/19/2020 7:51,\N
520,p4_nextButton,next_button,xihongshi,,8/19/2020 7:51,\N
521,q3_nextButton,next_button,xihongshi,,8/19/2020 7:51,\N
522,q3_nextButton,next_button,xihongshi,,8/19/2020 7:51,\N
523,q3_nextButton,next_button,xihongshi,,8/19/2020 7:51,\N
524,p5_nextButton,next_button,xihongshi,,8/19/2020 7:51,\N
525,p6_nextButton,next_button,xihongshi,,8/19/2020 7:52,\N
526,p6_nextButton,next_button,xihongshi,,8/19/2020 7:52,\N
527,p7_nextButton,next_button,xihongshi,,8/19/2020 7:52,\N
528,q6_nextButton,next_button,xihongshi,,8/19/2020 7:52,\N
529,p8_nextButton,next_button,xihongshi,,8/19/2020 7:52,\N
530,p8_nextButton,next_button,xihongshi,,8/19/2020 7:52,\N
531,p9_nextButton,next_button,xihongshi,,8/19/2020 7:52,\N
532,p6_nextButton,next_button,xihongshi,,8/19/2020 7:52,\N
533,p10_nextButton,next_button,xihongshi,,8/19/2020 7:52,\N
534,p11_nextButton,next_button,xihongshi,,8/19/2020 7:52,\N
535,p12_nextButton,next_button,xihongshi,,8/19/2020 7:52,\N
536,q10_nextButton,next_button,xihongshi,,8/19/2020 7:52,\N
537,p12_nextButton,next_button,xihongshi,,8/19/2020 7:52,\N
538,p12_nextButton,next_button,xihongshi,,8/19/2020 7:52,\N
539,p12_nextButton,next_button,xihongshi,,8/19/2020 7:52,\N
540,p13_nextButton,next_button,xihongshi,,8/19/2020 7:52,\N
541,p14_nextButton,next_button,xihongshi,,8/19/2020 7:52,\N
542,p15_nextButton,next_button,xihongshi,,8/19/2020 7:52,\N
543,p15_nextButton,next_button,xihongshi,,8/19/2020 7:52,\N
544,p16_nextButton,next_button,xihongshi,,8/19/2020 7:52,\N
545,p17_nextButton,next_button,xihongshi,,8/19/2020 7:52,\N
546,p17_nextButton,next_button,xihongshi,,8/19/2020 7:52,\N
547,p17_nextButton,next_button,xihongshi,,8/19/2020 7:52,\N
548,p18_nextButton,next_button,xihongshi,,8/19/2020 7:53,\N
549,q17_nextButton,next_button,xihongshi,,8/19/2020 7:53,\N
550,q17_nextButton,next_button,xihongshi,,8/19/2020 7:53,\N
551,q17_nextButton,next_button,xihongshi,,8/19/2020 7:53,\N
552,p18_backButton,back_button,xihongshi,,8/19/2020 7:53,\N
553,p18_nextButton,next_button,xihongshi,,8/19/2020 7:53,\N
554,q17_nextButton,next_button,xihongshi,,8/19/2020 7:53,\N
555,p18_backButton,back_button,xihongshi,,8/19/2020 7:53,\N
556,p18_nextButton,next_button,xihongshi,,8/19/2020 7:53,\N
557,q17,discussion,xihongshi,question,8/19/2020 7:53,\N
558,q17_nextButton,next_button,xihongshi,,8/19/2020 7:53,\N
559,q17,discussion,xihongshi,text,8/19/2020 7:54,\N
560,q17,discussion,xihongshi,text,8/19/2020 7:54,\N
561,q17,discussion,xihongshi,happy,8/19/2020 7:54,\N
562,p18_backButton,back_button,xihongshi,,8/19/2020 7:54,\N
563,p18_nextButton,next_button,xihongshi,,8/19/2020 7:54,\N
564,q17_nextButton,next_button,xihongshi,,8/19/2020 7:54,\N
565,p18_backButton,back_button,xihongshi,,8/19/2020 7:55,\N
566,p18_nextButton,next_button,xihongshi,,8/19/2020 7:55,\N
567,q17,discussion,xihongshi,text,8/19/2020 7:55,\N
568,q17,discussion,xihongshi,happy,8/19/2020 7:55,\N
569,q17,discussion,xihongshi,text,8/19/2020 7:55,\N
570,q17,discussion,xihongshi,question,8/19/2020 7:55,\N
571,q17,discussion,xihongshi,question,8/19/2020 7:55,\N
572,q17,discussion,xihongshi,happy,8/19/2020 7:55,\N
573,q17_nextButton,next_button,xihongshi,,8/19/2020 7:55,\N
574,q17_nextButton,next_button,xihongshi,,8/19/2020 7:55,\N
575,q17_nextButton,next_button,xihongshi,,8/19/2020 7:55,\N
576,q17_nextButton,next_button,xihongshi,,8/19/2020 7:55,\N
577,q17_nextButton,next_button,xihongshi,,8/19/2020 7:55,\N
578,q17_nextButton,next_button,xihongshi,,8/19/2020 7:55,\N
579,q17_nextButton,next_button,xihongshi,,8/19/2020 7:55,\N
580,q17_nextButton,next_button,xihongshi,,8/19/2020 7:55,\N
581,q17_nextButton,next_button,xihongshi,,8/19/2020 7:55,\N
582,q17_nextButton,next_button,xihongshi,,8/19/2020 7:55,\N
583,p1_nextButton,next_button,xihongshi,,8/19/2020 23:44,\N
584,p1_nextButton,next_button,xihongshi,,8/19/2020 23:44,\N
585,p2_nextButton,next_button,xihongshi,,8/19/2020 23:44,\N
586,p3_nextButton,next_button,xihongshi,,8/19/2020 23:44,\N
587,p4_nextButton,next_button,xihongshi,,8/19/2020 23:44,\N
588,p5_nextButton,next_button,xihongshi,,8/19/2020 23:44,\N
589,p5_nextButton,next_button,xihongshi,,8/19/2020 23:44,\N
590,p5_nextButton,next_button,xihongshi,,8/19/2020 23:44,\N
591,p6_nextButton,next_button,xihongshi,,8/19/2020 23:44,\N
592,p7_nextButton,next_button,xihongshi,,8/19/2020 23:44,\N
593,p7_nextButton,next_button,xihongshi,,8/19/2020 23:44,\N
594,p7_nextButton,next_button,xihongshi,,8/19/2020 23:44,\N
595,p7_nextButton,next_button,xihongshi,,8/19/2020 23:44,\N
596,p8_nextButton,next_button,xihongshi,,8/19/2020 23:44,\N
597,p9_nextButton,next_button,xihongshi,,8/19/2020 23:44,\N
598,p9_nextButton,next_button,xihongshi,,8/19/2020 23:44,\N
599,p9_nextButton,next_button,xihongshi,,8/19/2020 23:44,\N
600,p9_nextButton,next_button,xihongshi,,8/19/2020 23:44,\N
601,p10_nextButton,next_button,xihongshi,,8/19/2020 23:44,\N
602,p11_nextButton,next_button,xihongshi,,8/19/2020 23:44,\N
603,p11_nextButton,next_button,xihongshi,,8/19/2020 23:44,\N
604,p12_nextButton,next_button,xihongshi,,8/19/2020 23:44,\N
605,p13_nextButton,next_button,xihongshi,,8/19/2020 23:44,\N
606,p14_nextButton,next_button,xihongshi,,8/19/2020 23:44,\N
607,p15_nextButton,next_button,xihongshi,,8/19/2020 23:44,\N
608,p16_nextButton,next_button,xihongshi,,8/19/2020 23:44,\N
609,p17_nextButton,next_button,xihongshi,,8/19/2020 23:44,\N
610,p18_nextButton,next_button,xihongshi,,8/19/2020 23:44,\N
611,p1_nextButton,next_button,xihongshi,,8/21/2020 20:47,\N
612,p1_nextButton,next_button,xihongshi,,8/21/2020 20:47,\N
613,p2_nextButton,next_button,xihongshi,,8/21/2020 20:47,\N
614,p3_nextButton,next_button,xihongshi,,8/21/2020 20:47,\N
615,p4_nextButton,next_button,xihongshi,,8/21/2020 20:47,\N
616,p5_nextButton,next_button,xihongshi,,8/21/2020 20:47,\N
617,p6_nextButton,next_button,xihongshi,,8/21/2020 20:47,\N
618,p6_nextButton,next_button,xihongshi,,8/21/2020 20:47,\N
619,p7_nextButton,next_button,xihongshi,,8/21/2020 20:47,\N
620,p8_nextButton,next_button,xihongshi,,8/21/2020 20:47,\N
621,p8_nextButton,next_button,xihongshi,,8/21/2020 20:47,\N
622,p8_nextButton,next_button,xihongshi,,8/21/2020 20:47,\N
623,p8_nextButton,next_button,xihongshi,,8/21/2020 20:47,\N
624,p9_nextButton,next_button,xihongshi,,8/21/2020 20:47,\N
625,p10_nextButton,next_button,xihongshi,,8/21/2020 20:47,\N
626,p10_nextButton,next_button,xihongshi,,8/21/2020 20:47,\N
627,p10_nextButton,next_button,xihongshi,,8/21/2020 20:47,\N
628,p11_nextButton,next_button,xihongshi,,8/21/2020 20:47,\N
629,p12_nextButton,next_button,xihongshi,,8/21/2020 20:47,\N
630,p12_nextButton,next_button,xihongshi,,8/21/2020 20:47,\N
631,p12_nextButton,next_button,xihongshi,,8/21/2020 20:47,\N
632,p13_nextButton,next_button,xihongshi,,8/21/2020 20:47,\N
633,p14_nextButton,next_button,xihongshi,,8/21/2020 20:47,\N
634,p15_nextButton,next_button,xihongshi,,8/21/2020 20:47,\N
635,p16_nextButton,next_button,xihongshi,,8/21/2020 20:47,\N
636,p17_nextButton,next_button,xihongshi,,8/21/2020 20:47,\N
637,p17_nextButton,next_button,xihongshi,,8/21/2020 20:47,\N
638,p18_nextButton,next_button,xihongshi,,8/21/2020 20:47,\N
639,p1_nextButton,next_button,xihongshi,,8/21/2020 20:56,\N
640,p1_nextButton,next_button,xihongshi,,8/21/2020 20:56,\N
641,p2_nextButton,next_button,xihongshi,,8/21/2020 20:56,\N
642,p3_nextButton,next_button,xihongshi,,8/21/2020 20:56,\N
643,p4_nextButton,next_button,xihongshi,,8/21/2020 20:56,\N
644,p5_nextButton,next_button,xihongshi,,8/21/2020 20:56,\N
645,p6_nextButton,next_button,xihongshi,,8/21/2020 20:56,\N
646,p7_nextButton,next_button,xihongshi,,8/21/2020 20:56,\N
647,p7_nextButton,next_button,xihongshi,,8/21/2020 20:56,\N
648,p7_nextButton,next_button,xihongshi,,8/21/2020 20:56,\N
649,p8_nextButton,next_button,xihongshi,,8/21/2020 20:56,\N
650,p9_nextButton,next_button,xihongshi,,8/21/2020 20:56,\N
651,p9_nextButton,next_button,xihongshi,,8/21/2020 20:56,\N
652,p9_nextButton,next_button,xihongshi,,8/21/2020 20:56,\N
653,p9_nextButton,next_button,xihongshi,,8/21/2020 20:56,\N
654,p10_nextButton,next_button,xihongshi,,8/21/2020 20:56,\N
655,p11_nextButton,next_button,xihongshi,,8/21/2020 20:56,\N
656,p12_nextButton,next_button,xihongshi,,8/21/2020 20:56,\N
657,p13_nextButton,next_button,xihongshi,,8/21/2020 20:56,\N
658,p14_nextButton,next_button,xihongshi,,8/21/2020 20:56,\N
659,p15_nextButton,next_button,xihongshi,,8/21/2020 20:56,\N
660,p16_nextButton,next_button,xihongshi,,8/21/2020 20:56,\N
661,p17_nextButton,next_button,xihongshi,,8/21/2020 20:56,\N
662,p18_nextButton,next_button,xihongshi,,8/21/2020 20:56,\N
663,p1_nextButton,next_button,xihongshi,,8/21/2020 23:07,\N
664,p1_nextButton,next_button,xihongshi,,8/21/2020 23:07,\N
665,p1_nextButton,next_button,admin,,8/21/2020 23:08,\N
666,p1_nextButton,next_button,admin,,8/21/2020 23:08,\N
667,p2_nextButton,next_button,admin,,8/21/2020 23:08,\N
668,p2_nextButton,next_button,xihongshi,,8/21/2020 23:08,\N
669,p2_nextButton,next_button,xihongshi,,8/21/2020 23:08,\N
670,p3_dry,vocabulary,xihongshi,,8/21/2020 23:09,\N
671,p3_backButton,back_button,admin,,8/21/2020 23:09,\N
672,p2_backButton,back_button,admin,,8/21/2020 23:09,\N
673,p1_nextButton,next_button,xihongshi,,8/21/2020 23:10,\N
674,p1_nextButton,next_button,xihongshi,,8/21/2020 23:10,\N
675,p2_nextButton,next_button,xihongshi,,8/21/2020 23:10,\N
676,p1_nextButton,next_button,admin,,8/21/2020 23:11,\N
677,p2_nextButton,next_button,admin,,8/21/2020 23:11,\N
678,p3_nextButton,next_button,admin,,8/21/2020 23:11,\N
679,p4_nextButton,next_button,admin,,8/21/2020 23:11,\N
680,p1_nextButton,next_button,xihongshi,,8/21/2020 23:18,\N
681,p2_undefined,vocabulary,xihongshi,,8/21/2020 23:18,\N
682,p2_undefined,vocabulary,xihongshi,,8/21/2020 23:18,\N
683,p2_undefined,vocabulary,xihongshi,,8/21/2020 23:18,\N
684,p2_undefined,vocabulary,xihongshi,,8/21/2020 23:18,\N
685,p2_undefined,vocabulary,xihongshi,,8/21/2020 23:18,\N
686,p2_undefined,vocabulary,xihongshi,,8/21/2020 23:18,\N
687,p2_undefined,vocabulary,xihongshi,,8/21/2020 23:18,\N
688,p2_undefined,vocabulary,xihongshi,,8/21/2020 23:18,\N
689,p2_nextButton,next_button,xihongshi,,8/21/2020 23:19,\N
690,p1_nextButton,next_button,admin,,8/21/2020 23:24,\N
691,p1_nextButton,next_button,admin,,8/21/2020 23:24,\N
692,p1_nextButton,next_button,xihongshi,,8/21/2020 23:25,\N
693,p1_nextButton,next_button,xihongshi,,8/21/2020 23:25,\N
694,p2_nextButton,next_button,xihongshi,,8/21/2020 23:25,\N
695,p3_nextButton,next_button,xihongshi,,8/21/2020 23:25,\N
696,p2_nextButton,next_button,admin,,8/21/2020 23:26,\N
697,p4_nextButton,next_button,xihongshi,,8/21/2020 23:27,\N
698,p5_love,vocabulary,xihongshi,,8/21/2020 23:27,\N
699,p1_replayButton,replay_button,xihongshi,,8/21/2020 23:28,\N
700,p1_nextButton,next_button,xihongshi,,8/21/2020 23:28,\N
701,p1_nextButton,next_button,xihongshi,,8/21/2020 23:28,\N
702,p2_backButton,back_button,xihongshi,,8/21/2020 23:28,\N
703,p1_nextButton,next_button,xihongshi,,8/21/2020 23:29,\N
704,p2_undefined,vocabulary,xihongshi,,8/21/2020 23:29,\N
705,p2_undefined,vocabulary,xihongshi,,8/21/2020 23:30,\N
706,p2_undefined,vocabulary,xihongshi,,8/21/2020 23:30,\N
707,p2_undefined,vocabulary,xihongshi,,8/21/2020 23:30,\N
708,p2_nextButton,next_button,xihongshi,,8/21/2020 23:30,\N
709,p3_undefined,vocabulary,xihongshi,,8/21/2020 23:30,\N
710,p3_undefined,vocabulary,xihongshi,,8/21/2020 23:30,\N
711,p3_undefined,vocabulary,xihongshi,,8/21/2020 23:30,\N
712,p3_undefined,vocabulary,xihongshi,,8/21/2020 23:30,\N
713,p3_undefined,vocabulary,xihongshi,,8/21/2020 23:31,\N
714,p3_undefined,vocabulary,xihongshi,,8/21/2020 23:31,\N
715,p3_undefined,vocabulary,xihongshi,,8/21/2020 23:31,\N
716,p3_nextButton,next_button,xihongshi,,8/21/2020 23:31,\N
717,p4_undefined,vocabulary,xihongshi,,8/21/2020 23:32,\N
718,p4_nextButton,next_button,xihongshi,,8/21/2020 23:32,\N
719,p3_water,vocabulary,admin,,8/21/2020 23:33,\N
720,p3_nextButton,next_button,admin,,8/21/2020 23:33,\N
721,p1_nextButton,next_button,admin,,8/21/2020 23:39,\N
722,p1_nextButton,next_button,admin,,8/21/2020 23:39,\N
723,p2_nextButton,next_button,admin,,8/21/2020 23:39,\N
724,p3_nextButton,next_button,admin,,8/21/2020 23:39,\N
725,p4_nextButton,next_button,admin,,8/21/2020 23:39,\N
726,p1_nextButton,next_button,xihongshi,,8/21/2020 23:42,\N
727,p2_cocoon,vocabulary,xihongshi,,8/21/2020 23:43,\N
728,p2_beautiful,vocabulary,xihongshi,,8/21/2020 23:43,\N
729,p2_nextButton,next_button,xihongshi,,8/21/2020 23:43,\N
730,p3_nextButton,next_button,xihongshi,,8/21/2020 23:43,\N
731,p4_green,vocabulary,xihongshi,,8/21/2020 23:44,\N
732,p4_nextButton,next_button,xihongshi,,8/21/2020 23:44,\N
733,p5_nextButton,next_button,xihongshi,,8/21/2020 23:44,\N
734,p6_nextButton,next_button,xihongshi,,8/21/2020 23:44,\N
735,p6_nextButton,next_button,xihongshi,,8/21/2020 23:44,\N
736,p1_nextButton,next_button,xihongshi,,8/22/2020 1:50,\N
737,p1_replayButton,replay_button,xihongshi,,8/22/2020 1:51,\N
738,p1_nextButton,next_button,xihongshi,,8/22/2020 1:51,\N
739,p1_nextButton,next_button,xihongshi,,8/22/2020 2:28,\N
740,p1_nextButton,next_button,xihongshi,,8/22/2020 2:28,\N
741,p2_butterfly,vocabulary,xihongshi,,8/22/2020 2:29,\N
742,p2_beautiful,vocabulary,xihongshi,,8/22/2020 2:29,\N
743,p2_nextButton,next_button,xihongshi,,8/22/2020 2:29,\N
744,p3_disappointed,vocabulary,xihongshi,,8/22/2020 2:30,\N
745,p3_backButton,back_button,xihongshi,,8/22/2020 2:30,\N
746,p2_backButton,back_button,xihongshi,,8/22/2020 2:32,\N
747,p2_backButton,back_button,xihongshi,,8/22/2020 2:32,\N
748,p1_nextButton,next_button,xihongshi,,8/22/2020 2:33,\N
749,p1_nextButton,next_button,xihongshi,,8/22/2020 4:03,\N
750,p1_nextButton,next_button,xihongshi,,8/22/2020 4:04,\N
751,p2_cocoon,vocabulary,xihongshi,,8/22/2020 4:04,\N
752,p2_deep,vocabulary,xihongshi,,8/22/2020 4:04,\N
753,p2_stretch,vocabulary,xihongshi,,8/22/2020 4:04,\N
754,p2_stretch,vocabulary,xihongshi,,8/22/2020 4:05,\N
755,p2_stretch,vocabulary,xihongshi,,8/22/2020 4:05,\N
756,p2_beautiful,vocabulary,xihongshi,,8/22/2020 4:05,\N
757,p2_butterfly,vocabulary,xihongshi,,8/22/2020 4:05,\N
758,p2_stretch,vocabulary,xihongshi,,8/22/2020 4:05,\N
759,p2_nextButton,next_button,xihongshi,,8/22/2020 4:06,\N
760,p3_see,vocabulary,xihongshi,,8/22/2020 4:06,\N
761,p3_water,vocabulary,xihongshi,,8/22/2020 4:06,\N
762,p3_disappointed,vocabulary,xihongshi,,8/22/2020 4:06,\N
763,p3_dry,vocabulary,xihongshi,,8/22/2020 4:06,\N
764,p3_leaf,vocabulary,xihongshi,,8/22/2020 4:06,\N
765,p3_nextButton,next_button,xihongshi,,8/22/2020 4:07,\N
766,p4_sit,vocabulary,xihongshi,,8/22/2020 4:07,\N
767,p4_watch,vocabulary,xihongshi,,8/22/2020 4:07,\N
768,p4_butterfly,vocabulary,xihongshi,,8/22/2020 4:07,\N
769,p4_dance,vocabulary,xihongshi,,8/22/2020 4:07,\N
770,p4_friends,vocabulary,xihongshi,,8/22/2020 4:07,\N
771,p4_garden,vocabulary,xihongshi,,8/22/2020 4:08,\N
772,p4_colorful,vocabulary,xihongshi,,8/22/2020 4:08,\N
773,p4_Red,vocabulary,xihongshi,,8/22/2020 4:08,\N
774,p4_yellow,vocabulary,xihongshi,,8/22/2020 4:08,\N
775,p4_yellow,vocabulary,xihongshi,,8/22/2020 4:08,\N
776,p4_yellow,vocabulary,xihongshi,,8/22/2020 4:08,\N
777,p4_blue,vocabulary,xihongshi,,8/22/2020 4:11,\N
778,p4_orange,vocabulary,xihongshi,,8/22/2020 4:11,\N
779,p4_purple,vocabulary,xihongshi,,8/22/2020 4:11,\N
780,p4_green,vocabulary,xihongshi,,8/22/2020 4:11,\N
781,p4_green,vocabulary,xihongshi,,8/22/2020 4:11,\N
782,p4_nextButton,next_button,xihongshi,,8/22/2020 4:12,\N
783,p5_popular,vocabulary,xihongshi,,8/22/2020 4:12,\N
784,p5_love,vocabulary,xihongshi,,8/22/2020 4:13,\N
785,p5_Bunnies,vocabulary,xihongshi,,8/22/2020 4:13,\N
786,p5_nextButton,next_button,xihongshi,,8/22/2020 4:13,\N
787,p6_But,vocabulary,xihongshi,,8/22/2020 4:14,\N
788,p6_nobody,vocabulary,xihongshi,,8/22/2020 4:14,\N
789,p6_notices,vocabulary,xihongshi,,8/22/2020 4:14,\N
790,p6_Little Oak,vocabulary,xihongshi,,8/22/2020 4:14,\N
791,p6_think,vocabulary,xihongshi,,8/22/2020 4:14,\N
792,p6_sad,vocabulary,xihongshi,,8/22/2020 4:14,\N
793,p6_begin,vocabulary,xihongshi,,8/22/2020 4:14,\N
794,p6_cry,vocabulary,xihongshi,,8/22/2020 4:14,\N
795,p6_nextButton,next_button,xihongshi,,8/22/2020 4:14,\N
796,p7_comfort,vocabulary,xihongshi,,8/22/2020 4:15,\N
797,p7_know,vocabulary,xihongshi,,8/22/2020 4:15,\N
798,p7_best,vocabulary,xihongshi,,8/22/2020 4:16,\N
799,p7_gift,vocabulary,xihongshi,,8/22/2020 4:16,\N
800,p7_nature,vocabulary,xihongshi,,8/22/2020 4:16,\N
801,p7_nextButton,next_button,xihongshi,,8/22/2020 4:16,\N
802,p8_big,vocabulary,xihongshi,,8/22/2020 4:16,\N
803,p8_visit,vocabulary,xihongshi,,8/22/2020 4:16,\N
804,p8_garden,vocabulary,xihongshi,,8/22/2020 4:17,\N
805,p8_visit,vocabulary,xihongshi,,8/22/2020 4:17,\N
806,p8_butterflies,vocabulary,xihongshi,,8/22/2020 4:17,\N
807,p8_beautiful,vocabulary,xihongshi,,8/22/2020 4:17,\N
808,p8_decoration,vocabulary,xihongshi,,8/22/2020 4:17,\N
809,p8_house,vocabulary,xihongshi,,8/22/2020 4:17,\N
810,p8_nextButton,next_button,xihongshi,,8/22/2020 4:17,\N
811,p9_carries,vocabulary,xihongshi,,8/22/2020 4:19,\N
812,p9_But,vocabulary,xihongshi,,8/22/2020 4:19,\N
813,p9_still,vocabulary,xihongshi,,8/22/2020 4:19,\N
814,p9_think,vocabulary,xihongshi,,8/22/2020 4:19,\N
815,p9_dry leaf,vocabulary,xihongshi,,8/22/2020 4:19,\N
816,p9_nextButton,next_button,xihongshi,,8/22/2020 4:20,\N
817,p10_happy,vocabulary,xihongshi,,8/22/2020 4:21,\N
818,p10_see,vocabulary,xihongshi,,8/22/2020 4:21,\N
819,p10_sad,vocabulary,xihongshi,,8/22/2020 4:21,\N
820,p10_alone,vocabulary,xihongshi,,8/22/2020 4:21,\N
821,p10_decide,vocabulary,xihongshi,,8/22/2020 4:22,\N
822,p10_save,vocabulary,xihongshi,,8/22/2020 4:22,\N
823,p10_friend,vocabulary,xihongshi,,8/22/2020 4:22,\N
824,p10_Go ahead,vocabulary,xihongshi,,8/22/2020 4:22,\N
825,p10_Remember,vocabulary,xihongshi,,8/22/2020 4:22,\N
826,p10_use,vocabulary,xihongshi,,8/22/2020 4:22,\N
827,p10_oak color,vocabulary,xihongshi,,8/22/2020 4:22,\N
828,p10_camouflage,vocabulary,xihongshi,,8/22/2020 4:22,\N
829,p10_safe,vocabulary,xihongshi,,8/22/2020 4:23,\N
830,p10_nextButton,next_button,xihongshi,,8/22/2020 4:23,\N
831,p11_In order to,vocabulary,xihongshi,,8/22/2020 4:24,\N
832,p11_save,vocabulary,xihongshi,,8/22/2020 4:24,\N
833,p11_friend,vocabulary,xihongshi,,8/22/2020 4:24,\N
834,p11_pass,vocabulary,xihongshi,,8/22/2020 4:24,\N
835,p11_several,vocabulary,xihongshi,,8/22/2020 4:25,\N
836,p11_guard,vocabulary,xihongshi,,8/22/2020 4:25,\N
837,p11_frog,vocabulary,xihongshi,,8/22/2020 4:25,\N
838,p11_lizard,vocabulary,xihongshi,,8/22/2020 4:25,\N
839,p11_snake,vocabulary,xihongshi,,8/22/2020 4:25,\N
840,p11_nextButton,next_button,xihongshi,,8/22/2020 4:26,\N
841,p12_First,vocabulary,xihongshi,,8/22/2020 4:26,\N
842,p12_pass,vocabulary,xihongshi,,8/22/2020 4:26,\N
843,p12_guard,vocabulary,xihongshi,,8/22/2020 4:26,\N
844,p12_frog,vocabulary,xihongshi,,8/22/2020 4:27,\N
845,p12_head,vocabulary,xihongshi,,8/22/2020 4:27,\N
846,p12_see,vocabulary,xihongshi,,8/22/2020 4:27,\N
847,p12_nothing,vocabulary,xihongshi,,8/22/2020 4:27,\N
848,p12_nextButton,next_button,xihongshi,,8/22/2020 4:27,\N
849,p13_Second,vocabulary,xihongshi,,8/22/2020 4:28,\N
850,p13_guard ,vocabulary,xihongshi,,8/22/2020 4:28,\N
851,p13_lizard,vocabulary,xihongshi,,8/22/2020 4:28,\N
852,p13_turn,vocabulary,xihongshi,,8/22/2020 4:28,\N
853,p13_head ,vocabulary,xihongshi,,8/22/2020 4:28,\N
854,p13_nothing,vocabulary,xihongshi,,8/22/2020 4:28,\N
855,p13_backButton,back_button,xihongshi,,8/22/2020 4:29,\N
856,p12_nextButton,next_button,xihongshi,,8/22/2020 4:29,\N
857,p13_nextButton,next_button,xihongshi,,8/22/2020 4:29,\N
858,p14_Third,vocabulary,xihongshi,,8/22/2020 4:30,\N
859,p14_guard,vocabulary,xihongshi,,8/22/2020 4:30,\N
860,p14_snake,vocabulary,xihongshi,,8/22/2020 4:30,\N
861,p14_turn,vocabulary,xihongshi,,8/22/2020 4:30,\N
862,p14_head ,vocabulary,xihongshi,,8/22/2020 4:30,\N
863,p14_nothing ,vocabulary,xihongshi,,8/22/2020 4:31,\N
864,p14_nextButton,next_button,xihongshi,,8/22/2020 4:31,\N
865,p15_Finally,vocabulary,xihongshi,,8/22/2020 4:31,\N
866,p15_arrive,vocabulary,xihongshi,,8/22/2020 4:31,\N
867,p15_backyard,vocabulary,xihongshi,,8/22/2020 4:31,\N
868,p15_arrive,vocabulary,xihongshi,,8/22/2020 4:32,\N
869,p15_taking a nap,vocabulary,xihongshi,,8/22/2020 4:32,\N
870,p15_nextButton,next_button,xihongshi,,8/22/2020 4:32,\N
871,p16_noise,vocabulary,xihongshi,,8/22/2020 4:32,\N
872,p16_fence,vocabulary,xihongshi,,8/22/2020 4:32,\N
873,p16_wakes up,vocabulary,xihongshi,,8/22/2020 4:32,\N
874,p16_go back,vocabulary,xihongshi,,8/22/2020 4:33,\N
875,p16_sleep,vocabulary,xihongshi,,8/22/2020 4:33,\N
876,p16_nextButton,next_button,xihongshi,,8/22/2020 4:33,\N
877,p17_flies,vocabulary,xihongshi,,8/22/2020 4:34,\N
878,p17_find,vocabulary,xihongshi,,8/22/2020 4:34,\N
879,p17_cage,vocabulary,xihongshi,,8/22/2020 4:34,\N
880,p17_open,vocabulary,xihongshi,,8/22/2020 4:34,\N
881,p17_save,vocabulary,xihongshi,,8/22/2020 4:35,\N
882,p17_nextButton,next_button,xihongshi,,8/22/2020 4:35,\N
883,p18_Later,vocabulary,xihongshi,,8/22/2020 4:35,\N
884,p18_party,vocabulary,xihongshi,,8/22/2020 4:36,\N
885,p18_garden,vocabulary,xihongshi,,8/22/2020 4:36,\N
886,p18_cheer,vocabulary,xihongshi,,8/22/2020 4:36,\N
887,p18_camouflage,vocabulary,xihongshi,,8/22/2020 4:36,\N
888,p18_hero,vocabulary,xihongshi,,8/22/2020 4:36,\N
889,p18_Hear,vocabulary,xihongshi,,8/22/2020 4:36,\N
890,p18_begin,vocabulary,xihongshi,,8/22/2020 4:36,\N
891,p18_cry,vocabulary,xihongshi,,8/22/2020 4:36,\N
892,p18_tear,vocabulary,xihongshi,,8/22/2020 4:36,\N
893,p18_joy,vocabulary,xihongshi,,8/22/2020 4:36,\N
894,p18_nextButton,next_button,xihongshi,,8/22/2020 4:37,\N
895,p1_nextButton,next_button,xihongshi,,8/22/2020 4:39,\N
896,p1_nextButton,next_button,xihongshi,,8/22/2020 4:40,\N
897,p2_cocoon,vocabulary,xihongshi,,8/22/2020 4:40,\N
898,p2_deep,vocabulary,xihongshi,,8/22/2020 4:40,\N
899,p2_stretch,vocabulary,xihongshi,,8/22/2020 4:40,\N
900,p2_beautiful,vocabulary,xihongshi,,8/22/2020 4:40,\N
901,p2_butterfly,vocabulary,xihongshi,,8/22/2020 4:40,\N
902,p2_nextButton,next_button,xihongshi,,8/22/2020 4:41,\N
903,p3_see,vocabulary,xihongshi,,8/22/2020 4:41,\N
904,p3_water,vocabulary,xihongshi,,8/22/2020 4:41,\N
905,p3_disappointed,vocabulary,xihongshi,,8/22/2020 4:41,\N
906,p3_dry,vocabulary,xihongshi,,8/22/2020 4:41,\N
907,p3_leaf,vocabulary,xihongshi,,8/22/2020 4:41,\N
908,p3_nextButton,next_button,xihongshi,,8/22/2020 4:41,\N
909,q2,discussion,xihongshi,a,8/22/2020 4:42,\N
910,q2,discussion,xihongshi,b,8/22/2020 4:42,\N
911,q2,discussion,xihongshi,b,8/22/2020 4:42,\N
912,q2,discussion,xihongshi,c_answer,8/22/2020 4:42,\N
913,q2,discussion,xihongshi,c_answer,8/22/2020 4:42,\N
914,q2,discussion,xihongshi,c_answer,8/22/2020 4:42,\N
915,q2,discussion,xihongshi,c_answer,8/22/2020 4:42,\N
916,q2,discussion,xihongshi,c_answer,8/22/2020 4:43,\N
917,q2_nextButton,next_button,xihongshi,,8/22/2020 4:44,\N
918,p4_sit,vocabulary,xihongshi,,8/22/2020 4:44,\N
919,p4_watch,vocabulary,xihongshi,,8/22/2020 4:44,\N
920,p4_butterfly,vocabulary,xihongshi,,8/22/2020 4:44,\N
921,p4_friends,vocabulary,xihongshi,,8/22/2020 4:44,\N
922,p4_dance,vocabulary,xihongshi,,8/22/2020 4:44,\N
923,p4_garden,vocabulary,xihongshi,,8/22/2020 4:44,\N
924,p4_colorful,vocabulary,xihongshi,,8/22/2020 4:44,\N
925,p4_Red,vocabulary,xihongshi,,8/22/2020 4:44,\N
926,p4_yellow,vocabulary,xihongshi,,8/22/2020 4:44,\N
927,p4_blue,vocabulary,xihongshi,,8/22/2020 4:44,\N
928,p4_orange,vocabulary,xihongshi,,8/22/2020 4:45,\N
929,p4_purple,vocabulary,xihongshi,,8/22/2020 4:45,\N
930,p4_green,vocabulary,xihongshi,,8/22/2020 4:45,\N
931,p4_nextButton,next_button,xihongshi,,8/22/2020 4:45,\N
932,p3_backButton,back_button,xihongshi,,8/22/2020 4:46,\N
933,p4_nextButton,next_button,xihongshi,,8/22/2020 4:46,\N
934,q3_nextButton,next_button,xihongshi,,8/22/2020 4:46,\N
935,p5_popular,vocabulary,xihongshi,,8/22/2020 4:46,\N
936,p5_love,vocabulary,xihongshi,,8/22/2020 4:46,\N
937,p5_Bunnies,vocabulary,xihongshi,,8/22/2020 4:46,\N
938,p5_nextButton,next_button,xihongshi,,8/22/2020 4:47,\N
939,p6_But,vocabulary,xihongshi,,8/22/2020 4:47,\N
940,p6_nobody,vocabulary,xihongshi,,8/22/2020 4:47,\N
941,p6_notices,vocabulary,xihongshi,,8/22/2020 4:47,\N
942,p6_Little Oak,vocabulary,xihongshi,,8/22/2020 4:47,\N
943,p6_think,vocabulary,xihongshi,,8/22/2020 4:48,\N
944,p6_sad,vocabulary,xihongshi,,8/22/2020 4:49,\N
945,p6_begin,vocabulary,xihongshi,,8/22/2020 4:49,\N
946,p6_cry,vocabulary,xihongshi,,8/22/2020 4:49,\N
947,p6_nextButton,next_button,xihongshi,,8/22/2020 4:49,\N
948,q5,discussion,xihongshi,b,8/22/2020 4:49,\N
949,q5,discussion,xihongshi,c,8/22/2020 4:49,\N
950,q5,discussion,xihongshi,c,8/22/2020 4:49,\N
951,q5,discussion,xihongshi,a_answer,8/22/2020 4:49,\N
952,q5,discussion,xihongshi,a_answer,8/22/2020 4:50,\N
953,q5,discussion,xihongshi,a_answer,8/22/2020 4:50,\N
954,q5,discussion,xihongshi,b,8/22/2020 4:50,\N
955,q5,discussion,xihongshi,a_answer,8/22/2020 4:50,\N
956,q5,discussion,xihongshi,a_answer,8/22/2020 4:50,\N
957,q5,discussion,xihongshi,a_answer,8/22/2020 4:50,\N
958,q5,discussion,xihongshi,a_answer,8/22/2020 4:50,\N
959,q5,discussion,xihongshi,a_answer,8/22/2020 4:50,\N
960,q5,discussion,xihongshi,a_answer,8/22/2020 4:50,\N
961,q5,discussion,xihongshi,a_answer,8/22/2020 4:50,\N
962,p6_nextButton,next_button,xihongshi,,8/22/2020 4:51,\N
963,p7_comfort,vocabulary,xihongshi,,8/22/2020 4:51,\N
964,p7_know,vocabulary,xihongshi,,8/22/2020 4:52,\N
965,p7_best,vocabulary,xihongshi,,8/22/2020 4:52,\N
966,p7_gift,vocabulary,xihongshi,,8/22/2020 4:52,\N
967,p7_nature,vocabulary,xihongshi,,8/22/2020 4:52,\N
968,p7_nextButton,next_button,xihongshi,,8/22/2020 4:52,\N
969,q6_nextButton,next_button,xihongshi,,8/22/2020 4:53,\N
970,p8_big,vocabulary,xihongshi,,8/22/2020 4:53,\N
971,p8_big,vocabulary,xihongshi,,8/22/2020 4:53,\N
972,p8_visit,vocabulary,xihongshi,,8/22/2020 4:53,\N
973,p8_garden,vocabulary,xihongshi,,8/22/2020 4:53,\N
974,p8_butterflies,vocabulary,xihongshi,,8/22/2020 4:54,\N
975,p8_beautiful,vocabulary,xihongshi,,8/22/2020 4:54,\N
976,p8_decoration,vocabulary,xihongshi,,8/22/2020 4:54,\N
977,p8_house,vocabulary,xihongshi,,8/22/2020 4:54,\N
978,p8_decoration,vocabulary,xihongshi,,8/22/2020 4:54,\N
979,p8_beautiful,vocabulary,xihongshi,,8/22/2020 4:54,\N
980,p8_nextButton,next_button,xihongshi,,8/22/2020 4:54,\N
981,p9_carries,vocabulary,xihongshi,,8/22/2020 4:54,\N
982,p9_But,vocabulary,xihongshi,,8/22/2020 4:54,\N
983,p9_still,vocabulary,xihongshi,,8/22/2020 4:55,\N
984,p9_think,vocabulary,xihongshi,,8/22/2020 4:55,\N
985,p9_dry leaf,vocabulary,xihongshi,,8/22/2020 4:55,\N
986,p9_nextButton,next_button,xihongshi,,8/22/2020 4:55,\N
987,q8,discussion,xihongshi,a_answer,8/22/2020 4:57,\N
988,q8,discussion,xihongshi,b,8/22/2020 4:57,\N
989,q8,discussion,xihongshi,a_answer,8/22/2020 4:57,\N
990,p6_nextButton,next_button,xihongshi,,8/22/2020 4:57,\N
991,p10_happy,vocabulary,xihongshi,,8/22/2020 4:59,\N
992,p10_see,vocabulary,xihongshi,,8/22/2020 5:00,\N
993,p10_sad,vocabulary,xihongshi,,8/22/2020 5:00,\N
994,p10_alone,vocabulary,xihongshi,,8/22/2020 5:00,\N
995,p10_decide,vocabulary,xihongshi,,8/22/2020 5:00,\N
996,p10_friend,vocabulary,xihongshi,,8/22/2020 5:00,\N
997,p10_save,vocabulary,xihongshi,,8/22/2020 5:00,\N
998,p10_Go ahead,vocabulary,xihongshi,,8/22/2020 5:00,\N
999,p10_Remember,vocabulary,xihongshi,,8/22/2020 5:00,\N
1000,p10_use,vocabulary,xihongshi,,8/22/2020 5:00,\N
1001,p10_oak color,vocabulary,xihongshi,,8/22/2020 5:00,\N
1002,p10_camouflage,vocabulary,xihongshi,,8/22/2020 5:00,\N
1003,p10_safe,vocabulary,xihongshi,,8/22/2020 5:00,\N
1004,p10_nextButton,next_button,xihongshi,,8/22/2020 5:00,\N
1005,p11_In order to,vocabulary,xihongshi,,8/22/2020 5:01,\N
1006,p11_save,vocabulary,xihongshi,,8/22/2020 5:01,\N
1007,p11_friend,vocabulary,xihongshi,,8/22/2020 5:01,\N
1008,p11_pass,vocabulary,xihongshi,,8/22/2020 5:01,\N
1009,p11_several,vocabulary,xihongshi,,8/22/2020 5:01,\N
1010,p11_guard,vocabulary,xihongshi,,8/22/2020 5:01,\N
1011,p11_frog,vocabulary,xihongshi,,8/22/2020 5:01,\N
1012,p11_lizard,vocabulary,xihongshi,,8/22/2020 5:01,\N
1013,p11_snake,vocabulary,xihongshi,,8/22/2020 5:01,\N
1014,p11_nextButton,next_button,xihongshi,,8/22/2020 5:01,\N
1015,q10_nextButton,next_button,xihongshi,,8/22/2020 5:03,\N
1016,p12_First,vocabulary,xihongshi,,8/22/2020 5:04,\N
1017,p12_pass,vocabulary,xihongshi,,8/22/2020 5:05,\N
1018,p12_guard,vocabulary,xihongshi,,8/22/2020 5:05,\N
1019,p12_frog,vocabulary,xihongshi,,8/22/2020 5:05,\N
1020,p12_head,vocabulary,xihongshi,,8/22/2020 5:05,\N
1021,p12_see,vocabulary,xihongshi,,8/22/2020 5:05,\N
1022,p12_nothing,vocabulary,xihongshi,,8/22/2020 5:05,\N
1023,p12_nextButton,next_button,xihongshi,,8/22/2020 5:05,\N
1024,q11,discussion,xihongshi,c_answer,8/22/2020 5:07,\N
1025,q11,discussion,xihongshi,c_answer,8/22/2020 5:07,\N
1026,p12_nextButton,next_button,xihongshi,,8/22/2020 5:07,\N
1027,p13_Second,vocabulary,xihongshi,,8/22/2020 5:08,\N
1028,p13_guard ,vocabulary,xihongshi,,8/22/2020 5:08,\N
1029,p13_lizard,vocabulary,xihongshi,,8/22/2020 5:08,\N
1030,p13_turn,vocabulary,xihongshi,,8/22/2020 5:08,\N
1031,p13_head ,vocabulary,xihongshi,,8/22/2020 5:08,\N
1032,p13_nothing,vocabulary,xihongshi,,8/22/2020 5:08,\N
1033,p13_nextButton,next_button,xihongshi,,8/22/2020 5:08,\N
1034,p14_replayButton,replay_button,xihongshi,,8/22/2020 5:09,\N
1035,p14_Third,vocabulary,xihongshi,,8/22/2020 5:09,\N
1036,p14_guard,vocabulary,xihongshi,,8/22/2020 5:10,\N
1037,p14_snake,vocabulary,xihongshi,,8/22/2020 5:10,\N
1038,p14_turn,vocabulary,xihongshi,,8/22/2020 5:10,\N
1039,p14_turn,vocabulary,xihongshi,,8/22/2020 5:10,\N
1040,p14_turn,vocabulary,xihongshi,,8/22/2020 5:10,\N
1041,p14_turn,vocabulary,xihongshi,,8/22/2020 5:10,\N
1042,p14_head ,vocabulary,xihongshi,,8/22/2020 5:10,\N
1043,p14_nothing ,vocabulary,xihongshi,,8/22/2020 5:10,\N
1044,p14_nextButton,next_button,xihongshi,,8/22/2020 5:10,\N
1045,p15_Finally,vocabulary,xihongshi,,8/22/2020 5:10,\N
1046,p15_arrive,vocabulary,xihongshi,,8/22/2020 5:10,\N
1047,p15_backyard,vocabulary,xihongshi,,8/22/2020 5:11,\N
1048,p15_arrive,vocabulary,xihongshi,,8/22/2020 5:11,\N
1049,p15_taking a nap,vocabulary,xihongshi,,8/22/2020 5:11,\N
1050,p15_nextButton,next_button,xihongshi,,8/22/2020 5:11,\N
1051,q14,discussion,xihongshi,a_answer,8/22/2020 5:11,\N
1052,q14,discussion,xihongshi,a_answer,8/22/2020 5:12,\N
1053,q14,discussion,xihongshi,b,8/22/2020 5:12,\N
1054,q14,discussion,xihongshi,c,8/22/2020 5:12,\N
1055,q14,discussion,xihongshi,c,8/22/2020 5:12,\N
1056,p15_nextButton,next_button,xihongshi,,8/22/2020 5:13,\N
1057,p16_noise,vocabulary,xihongshi,,8/22/2020 5:13,\N
1058,p16_fence,vocabulary,xihongshi,,8/22/2020 5:13,\N
1059,p16_wakes up,vocabulary,xihongshi,,8/22/2020 5:13,\N
1060,p16_go back,vocabulary,xihongshi,,8/22/2020 5:13,\N
1061,p16_sleep,vocabulary,xihongshi,,8/22/2020 5:13,\N
1062,p16_nextButton,next_button,xihongshi,,8/22/2020 5:13,\N
1063,p17_flies,vocabulary,xihongshi,,8/22/2020 5:14,\N
1064,p17_find,vocabulary,xihongshi,,8/22/2020 5:14,\N
1065,p17_cage,vocabulary,xihongshi,,8/22/2020 5:15,\N
1066,p17_open,vocabulary,xihongshi,,8/22/2020 5:15,\N
1067,p17_save,vocabulary,xihongshi,,8/22/2020 5:15,\N
1068,p17_nextButton,next_button,xihongshi,,8/22/2020 5:15,\N
1069,q16,discussion,xihongshi,a,8/22/2020 5:16,\N
1070,q16,discussion,xihongshi,c_answer,8/22/2020 5:16,\N
1071,q16,discussion,xihongshi,c_answer,8/22/2020 5:16,\N
1072,q16,discussion,xihongshi,b_answer,8/22/2020 5:17,\N
1073,q16,discussion,xihongshi,c_answer,8/22/2020 5:17,\N
1074,q16,discussion,xihongshi,b_answer,8/22/2020 5:17,\N
1075,p17_nextButton,next_button,xihongshi,,8/22/2020 5:17,\N
1076,p18_Later,vocabulary,xihongshi,,8/22/2020 5:18,\N
1077,p18_party,vocabulary,xihongshi,,8/22/2020 5:18,\N
1078,p18_garden,vocabulary,xihongshi,,8/22/2020 5:18,\N
1079,p18_cheer,vocabulary,xihongshi,,8/22/2020 5:18,\N
1080,p18_camouflage,vocabulary,xihongshi,,8/22/2020 5:18,\N
1081,p18_hero,vocabulary,xihongshi,,8/22/2020 5:18,\N
1082,p18_Hear,vocabulary,xihongshi,,8/22/2020 5:18,\N
1083,p18_begin,vocabulary,xihongshi,,8/22/2020 5:18,\N
1084,p18_cry,vocabulary,xihongshi,,8/22/2020 5:18,\N
1085,p18_tear,vocabulary,xihongshi,,8/22/2020 5:18,\N
1086,p18_joy,vocabulary,xihongshi,,8/22/2020 5:18,\N
1087,p18_nextButton,next_button,xihongshi,,8/22/2020 5:18,\N
1088,p1_nextButton,next_button,xihongshi,,8/22/2020 5:19,\N
1089,p1_nextButton,next_button,xihongshi,,8/22/2020 5:19,\N
1090,p2_nextButton,next_button,xihongshi,,8/22/2020 5:19,\N
1091,p3_nextButton,next_button,xihongshi,,8/22/2020 5:19,\N
1092,p5_nextButton,next_button,xihongshi,,8/22/2020 5:19,\N
1093,p4_nextButton,next_button,xihongshi,,8/22/2020 5:19,\N
1094,q17_nextButton,next_button,xihongshi,,8/22/2020 5:19,\N
1095,p5_nextButton,next_button,xihongshi,,8/22/2020 5:19,\N
1096,p1_nextButton,next_button,xihongshi,,8/22/2020 5:20,\N
1097,p1_nextButton,next_button,xihongshi,,8/22/2020 5:20,\N
1098,p6_nextButton,next_button,xihongshi,,8/22/2020 5:20,\N
1099,p1_nextButton,next_button,xihongshi,,8/22/2020 5:22,\N
1100,p1_nextButton,next_button,xihongshi,,8/22/2020 5:22,\N
1101,p1_nextButton,next_button,xihongshi,,8/22/2020 5:22,\N
1102,p1_nextButton,next_button,xihongshi,,8/22/2020 5:22,\N
1103,p2_nextButton,next_button,xihongshi,,8/22/2020 5:23,\N
1104,p3_nextButton,next_button,xihongshi,,8/22/2020 5:23,\N
1105,p4_nextButton,next_button,xihongshi,,8/22/2020 5:24,\N
1106,p5_nextButton,next_button,xihongshi,,8/22/2020 5:24,\N
1107,p1_nextButton,next_button,xihongshi,,8/22/2020 5:30,\N
1108,p1_nextButton,next_button,xihongshi,,8/22/2020 5:30,\N
1109,p2_nextButton,next_button,xihongshi,,8/22/2020 5:30,\N
1110,p3_nextButton,next_button,xihongshi,,8/22/2020 5:30,\N
1111,p4_nextButton,next_button,xihongshi,,8/22/2020 5:31,\N
1112,p1_nextButton,next_button,xihongshi,,8/22/2020 5:32,\N
1113,p1_nextButton,next_button,xihongshi,,8/22/2020 5:32,\N
1114,p2_nextButton,next_button,xihongshi,,8/22/2020 5:33,\N
1115,p3_nextButton,next_button,xihongshi,,8/22/2020 5:33,\N
1116,q3,discussion,xihongshi,b_answer_112,8/22/2020 5:33,\N
1117,q3_nextButton,next_button,xihongshi,,8/22/2020 5:33,\N
1118,p4_nextButton,next_button,xihongshi,,8/22/2020 5:34,\N
1119,p5_nextButton,next_button,xihongshi,,8/22/2020 5:35,\N
1120,q5,discussion,xihongshi,c_answer_115,8/22/2020 5:38,\N
1121,q5,discussion,xihongshi,a_117,8/22/2020 5:38,\N
1122,q5,discussion,xihongshi,b_116,8/22/2020 5:38,\N
1123,q5,discussion,xihongshi,b_116,8/22/2020 5:38,\N
1124,q5_nextButton,next_button,xihongshi,,8/22/2020 5:38,\N
1125,p6_nextButton,next_button,xihongshi,,8/22/2020 5:38,\N
1126,q6,discussion,xihongshi,a_answer_121,8/22/2020 5:39,\N
1127,q6,discussion,xihongshi,c_119,8/22/2020 5:39,\N
1128,q6_nextButton,next_button,xihongshi,,8/22/2020 5:39,\N
1129,p7_nextButton,next_button,xihongshi,,8/22/2020 5:42,\N
1130,q7_nextButton,next_button,xihongshi,,8/22/2020 5:42,\N
1131,p8_nextButton,next_button,xihongshi,,8/22/2020 5:43,\N
1132,p9_nextButton,next_button,xihongshi,,8/22/2020 5:45,\N
1133,q9,discussion,xihongshi,b_answer_127,8/22/2020 5:46,\N
1134,q9_nextButton,next_button,xihongshi,,8/22/2020 5:46,\N
1135,p10_nextButton,next_button,xihongshi,,8/22/2020 5:47,\N
1136,q10,discussion,xihongshi,a_answer_132,8/22/2020 5:48,\N
1137,q10_nextButton,next_button,xihongshi,,8/22/2020 5:48,\N
1138,p11_nextButton,next_button,xihongshi,,8/22/2020 5:50,\N
1139,p12_nextButton,next_button,xihongshi,,8/22/2020 5:51,\N
1140,p13_nextButton,next_button,xihongshi,,8/22/2020 5:51,\N
1141,p14_nextButton,next_button,xihongshi,,8/22/2020 5:52,\N
1142,q14_nextButton,next_button,xihongshi,,8/22/2020 5:55,\N
1143,p15_nextButton,next_button,xihongshi,,8/22/2020 5:56,\N
1144,p16_nextButton,next_button,xihongshi,,8/22/2020 5:57,\N
1145,q16_nextButton,next_button,xihongshi,,8/22/2020 5:58,\N
1146,p17_nextButton,next_button,xihongshi,,8/22/2020 5:59,\N
1147,q17_nextButton,next_button,xihongshi,,8/22/2020 6:00,\N
1148,p18_nextButton,next_button,xihongshi,,8/22/2020 6:01,\N
1149,q18,discussion,xihongshi,c_answer_143,8/22/2020 6:02,\N
1150,q18_nextButton,next_button,xihongshi,,8/22/2020 6:02,\N
1151,p1_nextButton,next_button,xihongshi,,8/22/2020 6:06,\N
1152,p1_nextButton,next_button,xihongshi,,8/22/2020 6:08,\N
1153,p2_cocoon,vocabulary,xihongshi,,8/22/2020 6:08,\N
1154,p2_deep,vocabulary,xihongshi,,8/22/2020 6:08,\N
1155,p2_stretch,vocabulary,xihongshi,,8/22/2020 6:08,\N
1156,p2_stretch,vocabulary,xihongshi,,8/22/2020 6:08,\N
1157,p2_stretch,vocabulary,xihongshi,,8/22/2020 6:08,\N
1158,p2_beautiful,vocabulary,xihongshi,,8/22/2020 6:08,\N
1159,p2_butterfly,vocabulary,xihongshi,,8/22/2020 6:08,\N
1160,p2_nextButton,next_button,xihongshi,,8/22/2020 6:08,\N
1161,p3_see,vocabulary,xihongshi,,8/22/2020 6:12,\N
1162,p3_water,vocabulary,xihongshi,,8/22/2020 6:12,\N
1163,p3_disappointed,vocabulary,xihongshi,,8/22/2020 6:12,\N
1164,p3_leaf,vocabulary,xihongshi,,8/22/2020 6:12,\N
1165,p3_dry,vocabulary,xihongshi,,8/22/2020 6:12,\N
1166,p3_leaf,vocabulary,xihongshi,,8/22/2020 6:12,\N
1167,p3_nextButton,next_button,xihongshi,,8/22/2020 6:12,\N
1168,p4_yellow,vocabulary,xihongshi,,8/22/2020 6:13,\N
1169,p4_green,vocabulary,xihongshi,,8/22/2020 6:13,\N
1170,p4_orange,vocabulary,xihongshi,,8/22/2020 6:13,\N
1171,p4_purple,vocabulary,xihongshi,,8/22/2020 6:13,\N
1172,p4_yellow,vocabulary,xihongshi,,8/22/2020 6:13,\N
1173,p4_butterfly,vocabulary,xihongshi,,8/22/2020 6:13,\N
1174,p4_friends,vocabulary,xihongshi,,8/22/2020 6:13,\N
1175,p4_dance,vocabulary,xihongshi,,8/22/2020 6:13,\N
1176,p4_garden,vocabulary,xihongshi,,8/22/2020 6:13,\N
1177,p4_nextButton,next_button,xihongshi,,8/22/2020 6:13,\N
1178,p5_popular,vocabulary,xihongshi,,8/22/2020 6:15,\N
1179,p5_love,vocabulary,xihongshi,,8/22/2020 6:15,\N
1180,p5_Bunnies,vocabulary,xihongshi,,8/22/2020 6:15,\N
1181,p5_love,vocabulary,xihongshi,,8/22/2020 6:15,\N
1182,p5_popular,vocabulary,xihongshi,,8/22/2020 6:15,\N
1183,p5_nextButton,next_button,xihongshi,,8/22/2020 6:15,\N
1184,p6_begin,vocabulary,xihongshi,,8/22/2020 6:16,\N
1185,p6_cry,vocabulary,xihongshi,,8/22/2020 6:16,\N
1186,p6_sad,vocabulary,xihongshi,,8/22/2020 6:16,\N
1187,p6_nobody,vocabulary,xihongshi,,8/22/2020 6:16,\N
1188,p6_But,vocabulary,xihongshi,,8/22/2020 6:16,\N
1189,p6_notices,vocabulary,xihongshi,,8/22/2020 6:16,\N
1190,p6_Little Oak,vocabulary,xihongshi,,8/22/2020 6:16,\N
1191,p6_Little Oak,vocabulary,xihongshi,,8/22/2020 6:16,\N
1192,p6_notices,vocabulary,xihongshi,,8/22/2020 6:16,\N
1193,p6_Little Oak,vocabulary,xihongshi,,8/22/2020 6:17,\N
1194,p6_think,vocabulary,xihongshi,,8/22/2020 6:17,\N
1195,p6_sad,vocabulary,xihongshi,,8/22/2020 6:17,\N
1196,p6_begin,vocabulary,xihongshi,,8/22/2020 6:17,\N
1197,p6_cry,vocabulary,xihongshi,,8/22/2020 6:17,\N
1198,p6_nextButton,next_button,xihongshi,,8/22/2020 6:17,\N
1199,p7_comfort,vocabulary,xihongshi,,8/22/2020 6:18,\N
1200,p7_know,vocabulary,xihongshi,,8/22/2020 6:18,\N
1201,p7_best,vocabulary,xihongshi,,8/22/2020 6:18,\N
1202,p7_gift,vocabulary,xihongshi,,8/22/2020 6:18,\N
1203,p7_nature,vocabulary,xihongshi,,8/22/2020 6:18,\N
1204,p7_nextButton,next_button,xihongshi,,8/22/2020 6:18,\N
1205,p8_big,vocabulary,xihongshi,,8/22/2020 6:18,\N
1206,p8_visit,vocabulary,xihongshi,,8/22/2020 6:18,\N
1207,p8_garden,vocabulary,xihongshi,,8/22/2020 6:18,\N
1208,p8_butterflies,vocabulary,xihongshi,,8/22/2020 6:18,\N
1209,p8_beautiful,vocabulary,xihongshi,,8/22/2020 6:18,\N
1210,p8_decoration,vocabulary,xihongshi,,8/22/2020 6:18,\N
1211,p8_house,vocabulary,xihongshi,,8/22/2020 6:18,\N
1212,p8_nextButton,next_button,xihongshi,,8/22/2020 6:18,\N
1213,p9_carries,vocabulary,xihongshi,,8/22/2020 6:21,\N
1214,p9_But,vocabulary,xihongshi,,8/22/2020 6:21,\N
1215,p9_still,vocabulary,xihongshi,,8/22/2020 6:21,\N
1216,p9_think,vocabulary,xihongshi,,8/22/2020 6:21,\N
1217,p9_dry leaf,vocabulary,xihongshi,,8/22/2020 6:21,\N
1218,p9_nextButton,next_button,xihongshi,,8/22/2020 6:21,\N
1219,p10_happy,vocabulary,xihongshi,,8/22/2020 6:23,\N
1220,p10_sad,vocabulary,xihongshi,,8/22/2020 6:23,\N
1221,p10_alone,vocabulary,xihongshi,,8/22/2020 6:23,\N
1222,p10_see,vocabulary,xihongshi,,8/22/2020 6:23,\N
1223,p10_decide,vocabulary,xihongshi,,8/22/2020 6:23,\N
1224,p10_friend,vocabulary,xihongshi,,8/22/2020 6:23,\N
1225,p10_save,vocabulary,xihongshi,,8/22/2020 6:23,\N
1226,p10_Go ahead,vocabulary,xihongshi,,8/22/2020 6:23,\N
1227,p10_Remember,vocabulary,xihongshi,,8/22/2020 6:23,\N
1228,p10_use,vocabulary,xihongshi,,8/22/2020 6:23,\N
1229,p10_oak color,vocabulary,xihongshi,,8/22/2020 6:23,\N
1230,p10_camouflage,vocabulary,xihongshi,,8/22/2020 6:23,\N
1231,p10_safe,vocabulary,xihongshi,,8/22/2020 6:23,\N
1232,p10_nextButton,next_button,xihongshi,,8/22/2020 6:23,\N
1233,p11_In order to,vocabulary,xihongshi,,8/22/2020 6:26,\N
1234,p11_save,vocabulary,xihongshi,,8/22/2020 6:26,\N
1235,p11_friend,vocabulary,xihongshi,,8/22/2020 6:26,\N
1236,p11_several,vocabulary,xihongshi,,8/22/2020 6:26,\N
1237,p11_pass,vocabulary,xihongshi,,8/22/2020 6:26,\N
1238,p11_guard,vocabulary,xihongshi,,8/22/2020 6:26,\N
1239,p11_frog,vocabulary,xihongshi,,8/22/2020 6:26,\N
1240,p11_snake,vocabulary,xihongshi,,8/22/2020 6:26,\N
1241,p11_lizard,vocabulary,xihongshi,,8/22/2020 6:26,\N
1242,p11_nextButton,next_button,xihongshi,,8/22/2020 6:26,\N
1243,p12_First,vocabulary,xihongshi,,8/22/2020 6:27,\N
1244,p12_pass,vocabulary,xihongshi,,8/22/2020 6:27,\N
1245,p12_frog,vocabulary,xihongshi,,8/22/2020 6:27,\N
1246,p12_guard,vocabulary,xihongshi,,8/22/2020 6:27,\N
1247,p12_head,vocabulary,xihongshi,,8/22/2020 6:27,\N
1248,p12_see,vocabulary,xihongshi,,8/22/2020 6:27,\N
1249,p12_nothing,vocabulary,xihongshi,,8/22/2020 6:27,\N
1250,p12_nextButton,next_button,xihongshi,,8/22/2020 6:27,\N
1251,p13_Second,vocabulary,xihongshi,,8/22/2020 6:27,\N
1252,p13_guard ,vocabulary,xihongshi,,8/22/2020 6:27,\N
1253,p13_lizard,vocabulary,xihongshi,,8/22/2020 6:27,\N
1254,p13_turn,vocabulary,xihongshi,,8/22/2020 6:27,\N
1255,p13_head ,vocabulary,xihongshi,,8/22/2020 6:27,\N
1256,p13_nothing,vocabulary,xihongshi,,8/22/2020 6:27,\N
1257,p13_Second,vocabulary,xihongshi,,8/22/2020 6:29,\N
1258,p13_guard ,vocabulary,xihongshi,,8/22/2020 6:29,\N
1259,p13_nextButton,next_button,xihongshi,,8/22/2020 6:29,\N
1260,p14_Third,vocabulary,xihongshi,,8/22/2020 6:29,\N
1261,p14_guard,vocabulary,xihongshi,,8/22/2020 6:29,\N
1262,p14_snake,vocabulary,xihongshi,,8/22/2020 6:29,\N
1263,p14_turn,vocabulary,xihongshi,,8/22/2020 6:29,\N
1264,p14_head ,vocabulary,xihongshi,,8/22/2020 6:29,\N
1265,p14_nothing ,vocabulary,xihongshi,,8/22/2020 6:29,\N
1266,p14_head ,vocabulary,xihongshi,,8/22/2020 6:29,\N
1267,p14_nextButton,next_button,xihongshi,,8/22/2020 6:29,\N
1268,p15_Finally,vocabulary,xihongshi,,8/22/2020 6:30,\N
1269,p15_arrive,vocabulary,xihongshi,,8/22/2020 6:30,\N
1270,p15_backyard,vocabulary,xihongshi,,8/22/2020 6:30,\N
1271,p15_taking a nap,vocabulary,xihongshi,,8/22/2020 6:30,\N
1272,p15_nextButton,next_button,xihongshi,,8/22/2020 6:31,\N
1273,p16_noise,vocabulary,xihongshi,,8/22/2020 6:32,\N
1274,p16_fence,vocabulary,xihongshi,,8/22/2020 6:32,\N
1275,p16_wakes up,vocabulary,xihongshi,,8/22/2020 6:32,\N
1276,p16_go back,vocabulary,xihongshi,,8/22/2020 6:32,\N
1277,p16_sleep,vocabulary,xihongshi,,8/22/2020 6:32,\N
1278,p16_wakes up,vocabulary,xihongshi,,8/22/2020 6:32,\N
1279,p16_fence,vocabulary,xihongshi,,8/22/2020 6:32,\N
1280,p16_wakes up,vocabulary,xihongshi,,8/22/2020 6:32,\N
1281,p16_nextButton,next_button,xihongshi,,8/22/2020 6:33,\N
1282,p17_flies,vocabulary,xihongshi,,8/22/2020 6:35,\N
1283,p17_find,vocabulary,xihongshi,,8/22/2020 6:35,\N
1284,p17_cage,vocabulary,xihongshi,,8/22/2020 6:35,\N
1285,p17_open,vocabulary,xihongshi,,8/22/2020 6:35,\N
1286,p17_save,vocabulary,xihongshi,,8/22/2020 6:35,\N
1287,p17_nextButton,next_button,xihongshi,,8/22/2020 6:35,\N
1288,p18_Later,vocabulary,xihongshi,,8/22/2020 6:37,\N
1289,p18_party,vocabulary,xihongshi,,8/22/2020 6:37,\N
1290,p18_Later,vocabulary,xihongshi,,8/22/2020 6:37,\N
1291,p18_garden,vocabulary,xihongshi,,8/22/2020 6:37,\N
1292,p18_cheer,vocabulary,xihongshi,,8/22/2020 6:37,\N
1293,p18_camouflage,vocabulary,xihongshi,,8/22/2020 6:37,\N
1294,p18_hero,vocabulary,xihongshi,,8/22/2020 6:37,\N
1295,p18_begin,vocabulary,xihongshi,,8/22/2020 6:37,\N
1296,p18_cry,vocabulary,xihongshi,,8/22/2020 6:37,\N
1297,p18_Hear,vocabulary,xihongshi,,8/22/2020 6:37,\N
1298,p18_tear,vocabulary,xihongshi,,8/22/2020 6:37,\N
1299,p18_joy,vocabulary,xihongshi,,8/22/2020 6:37,\N
1300,p18_nextButton,next_button,xihongshi,,8/22/2020 6:38,\N
1301,p1_nextButton,next_button,xihongshi,,8/22/2020 6:41,\N
1302,p1_nextButton,next_button,xihongshi,,8/22/2020 6:41,\N
1303,p2_cocoon,vocabulary,xihongshi,,8/22/2020 6:41,\N
1304,p2_beautiful,vocabulary,xihongshi,,8/22/2020 6:41,\N
1305,p2_butterfly,vocabulary,xihongshi,,8/22/2020 6:41,\N
1306,p2_stretch,vocabulary,xihongshi,,8/22/2020 6:41,\N
1307,p2_deep,vocabulary,xihongshi,,8/22/2020 6:41,\N
1308,p2_nextButton,next_button,xihongshi,,8/22/2020 6:41,\N
1309,p3_see,vocabulary,xihongshi,,8/22/2020 6:42,\N
1310,p3_water,vocabulary,xihongshi,,8/22/2020 6:42,\N
1311,p3_see,vocabulary,xihongshi,,8/22/2020 6:42,\N
1312,p3_disappointed,vocabulary,xihongshi,,8/22/2020 6:42,\N
1313,p3_leaf,vocabulary,xihongshi,,8/22/2020 6:42,\N
1314,p3_dry,vocabulary,xihongshi,,8/22/2020 6:42,\N
1315,p3_nextButton,next_button,xihongshi,,8/22/2020 6:42,\N
1316,q2,discussion,xihongshi,c_answer,8/22/2020 6:43,\N
1317,q2,discussion,xihongshi,c_answer,8/22/2020 6:43,\N
1318,q2,discussion,xihongshi,c_answer,8/22/2020 6:44,\N
1319,q2_nextButton,next_button,xihongshi,,8/22/2020 6:44,\N
1320,p4_sit,vocabulary,xihongshi,,8/22/2020 6:44,\N
1321,p4_watch,vocabulary,xihongshi,,8/22/2020 6:44,\N
1322,p4_sit,vocabulary,xihongshi,,8/22/2020 6:44,\N
1323,p4_butterfly,vocabulary,xihongshi,,8/22/2020 6:44,\N
1324,p4_friends,vocabulary,xihongshi,,8/22/2020 6:44,\N
1325,p4_dance,vocabulary,xihongshi,,8/22/2020 6:44,\N
1326,p4_garden,vocabulary,xihongshi,,8/22/2020 6:44,\N
1327,p4_colorful,vocabulary,xihongshi,,8/22/2020 6:44,\N
1328,p4_Red,vocabulary,xihongshi,,8/22/2020 6:44,\N
1329,p4_yellow,vocabulary,xihongshi,,8/22/2020 6:44,\N
1330,p4_blue,vocabulary,xihongshi,,8/22/2020 6:44,\N
1331,p4_orange,vocabulary,xihongshi,,8/22/2020 6:44,\N
1332,p4_purple,vocabulary,xihongshi,,8/22/2020 6:44,\N
1333,p4_green,vocabulary,xihongshi,,8/22/2020 6:44,\N
1334,p4_purple,vocabulary,xihongshi,,8/22/2020 6:44,\N
1335,p4_orange,vocabulary,xihongshi,,8/22/2020 6:44,\N
1336,p4_nextButton,next_button,xihongshi,,8/22/2020 6:44,\N
1337,q3_nextButton,next_button,xihongshi,,8/22/2020 6:46,\N
1338,p5_popular,vocabulary,xihongshi,,8/22/2020 6:46,\N
1339,p5_love,vocabulary,xihongshi,,8/22/2020 6:46,\N
1340,p5_Bunnies,vocabulary,xihongshi,,8/22/2020 6:47,\N
1341,p5_love,vocabulary,xihongshi,,8/22/2020 6:47,\N
1342,p5_nextButton,next_button,xihongshi,,8/22/2020 6:47,\N
1343,p6_But,vocabulary,xihongshi,,8/22/2020 6:48,\N
1344,p6_nobody,vocabulary,xihongshi,,8/22/2020 6:48,\N
1345,p6_notices,vocabulary,xihongshi,,8/22/2020 6:48,\N
1346,p6_Little Oak,vocabulary,xihongshi,,8/22/2020 6:48,\N
1347,p6_Little Oak,vocabulary,xihongshi,,8/22/2020 6:48,\N
1348,p6_think,vocabulary,xihongshi,,8/22/2020 6:48,\N
1349,p6_sad,vocabulary,xihongshi,,8/22/2020 6:48,\N
1350,p6_begin,vocabulary,xihongshi,,8/22/2020 6:48,\N
1351,p6_cry,vocabulary,xihongshi,,8/22/2020 6:48,\N
1352,p6_nextButton,next_button,xihongshi,,8/22/2020 6:48,\N
1353,q5,discussion,xihongshi,a_answer,8/22/2020 6:49,\N
1354,p6_nextButton,next_button,xihongshi,,8/22/2020 6:50,\N
1355,p7_comfort,vocabulary,xihongshi,,8/22/2020 6:50,\N
1356,p7_know,vocabulary,xihongshi,,8/22/2020 6:50,\N
1357,p7_gift,vocabulary,xihongshi,,8/22/2020 6:50,\N
1358,p7_nature,vocabulary,xihongshi,,8/22/2020 6:50,\N
1359,p7_best,vocabulary,xihongshi,,8/22/2020 6:50,\N
1360,p7_nextButton,next_button,xihongshi,,8/22/2020 6:50,\N
1361,q6_nextButton,next_button,xihongshi,,8/22/2020 6:52,\N
1362,p8_big,vocabulary,xihongshi,,8/22/2020 6:52,\N
1363,p8_visit,vocabulary,xihongshi,,8/22/2020 6:52,\N
1364,p8_garden,vocabulary,xihongshi,,8/22/2020 6:52,\N
1365,p8_butterflies,vocabulary,xihongshi,,8/22/2020 6:52,\N
1366,p8_decoration,vocabulary,xihongshi,,8/22/2020 6:52,\N
1367,p8_beautiful,vocabulary,xihongshi,,8/22/2020 6:52,\N
1368,p8_house,vocabulary,xihongshi,,8/22/2020 6:52,\N
1369,p8_decoration,vocabulary,xihongshi,,8/22/2020 6:52,\N
1370,p8_house,vocabulary,xihongshi,,8/22/2020 6:52,\N
1371,p8_butterflies,vocabulary,xihongshi,,8/22/2020 6:52,\N
1372,p8_beautiful,vocabulary,xihongshi,,8/22/2020 6:52,\N
1373,p8_nextButton,next_button,xihongshi,,8/22/2020 6:53,\N
1374,p9_carries,vocabulary,xihongshi,,8/22/2020 6:53,\N
1375,p9_still,vocabulary,xihongshi,,8/22/2020 6:54,\N
1376,p9_But,vocabulary,xihongshi,,8/22/2020 6:54,\N
1377,p9_think,vocabulary,xihongshi,,8/22/2020 6:54,\N
1378,p9_dry leaf,vocabulary,xihongshi,,8/22/2020 6:54,\N
1379,p9_nextButton,next_button,xihongshi,,8/22/2020 6:54,\N
1380,q8,discussion,xihongshi,a_answer,8/22/2020 6:57,\N
1381,q8,discussion,xihongshi,a_answer,8/22/2020 6:59,\N
1382,p6_nextButton,next_button,xihongshi,,8/22/2020 6:59,\N
1383,p10_happy,vocabulary,xihongshi,,8/22/2020 7:00,\N
1384,p10_see,vocabulary,xihongshi,,8/22/2020 7:00,\N
1385,p10_sad,vocabulary,xihongshi,,8/22/2020 7:00,\N
1386,p10_alone,vocabulary,xihongshi,,8/22/2020 7:00,\N
1387,p10_decide,vocabulary,xihongshi,,8/22/2020 7:00,\N
1388,p10_save,vocabulary,xihongshi,,8/22/2020 7:00,\N
1389,p10_friend,vocabulary,xihongshi,,8/22/2020 7:00,\N
1390,p10_Remember,vocabulary,xihongshi,,8/22/2020 7:01,\N
1391,p10_Go ahead,vocabulary,xihongshi,,8/22/2020 7:01,\N
1392,p10_use,vocabulary,xihongshi,,8/22/2020 7:01,\N
1393,p10_oak color,vocabulary,xihongshi,,8/22/2020 7:01,\N
1394,p10_camouflage,vocabulary,xihongshi,,8/22/2020 7:01,\N
1395,p10_safe,vocabulary,xihongshi,,8/22/2020 7:01,\N
1396,p10_nextButton,next_button,xihongshi,,8/22/2020 7:01,\N
1397,p11_In order to,vocabulary,xihongshi,,8/22/2020 7:01,\N
1398,p11_save,vocabulary,xihongshi,,8/22/2020 7:01,\N
1399,p11_friend,vocabulary,xihongshi,,8/22/2020 7:01,\N
1400,p11_several,vocabulary,xihongshi,,8/22/2020 7:01,\N
1401,p11_pass,vocabulary,xihongshi,,8/22/2020 7:01,\N
1402,p11_frog,vocabulary,xihongshi,,8/22/2020 7:01,\N
1403,p11_guard,vocabulary,xihongshi,,8/22/2020 7:01,\N
1404,p11_lizard,vocabulary,xihongshi,,8/22/2020 7:01,\N
1405,p11_frog,vocabulary,xihongshi,,8/22/2020 7:01,\N
1406,p11_guard,vocabulary,xihongshi,,8/22/2020 7:01,\N
1407,p11_snake,vocabulary,xihongshi,,8/22/2020 7:02,\N
1408,p11_lizard,vocabulary,xihongshi,,8/22/2020 7:02,\N
1409,p11_nextButton,next_button,xihongshi,,8/22/2020 7:02,\N
1410,q10_nextButton,next_button,xihongshi,,8/22/2020 7:04,\N
1411,p12_First,vocabulary,xihongshi,,8/22/2020 7:04,\N
1412,p12_pass,vocabulary,xihongshi,,8/22/2020 7:04,\N
1413,p12_guard,vocabulary,xihongshi,,8/22/2020 7:04,\N
1414,p12_frog,vocabulary,xihongshi,,8/22/2020 7:04,\N
1415,p12_see,vocabulary,xihongshi,,8/22/2020 7:04,\N
1416,p12_head,vocabulary,xihongshi,,8/22/2020 7:04,\N
1417,p12_nothing,vocabulary,xihongshi,,8/22/2020 7:04,\N
1418,p12_nextButton,next_button,xihongshi,,8/22/2020 7:05,\N
1419,q11,discussion,xihongshi,c_answer,8/22/2020 7:05,\N
1420,q11,discussion,xihongshi,c_answer,8/22/2020 7:07,\N
1421,p12_nextButton,next_button,xihongshi,,8/22/2020 7:07,\N
1422,p13_Second,vocabulary,xihongshi,,8/22/2020 7:07,\N
1423,p13_lizard,vocabulary,xihongshi,,8/22/2020 7:07,\N
1424,p13_guard ,vocabulary,xihongshi,,8/22/2020 7:07,\N
1425,p13_turn,vocabulary,xihongshi,,8/22/2020 7:08,\N
1426,p13_head ,vocabulary,xihongshi,,8/22/2020 7:08,\N
1427,p13_nothing,vocabulary,xihongshi,,8/22/2020 7:08,\N
1428,p13_nextButton,next_button,xihongshi,,8/22/2020 7:08,\N
1429,p14_Third,vocabulary,xihongshi,,8/22/2020 7:09,\N
1430,p14_guard,vocabulary,xihongshi,,8/22/2020 7:10,\N
1431,p14_snake,vocabulary,xihongshi,,8/22/2020 7:10,\N
1432,p14_turn,vocabulary,xihongshi,,8/22/2020 7:10,\N
1433,p14_head ,vocabulary,xihongshi,,8/22/2020 7:10,\N
1434,p14_nothing ,vocabulary,xihongshi,,8/22/2020 7:10,\N
1435,p14_nextButton,next_button,xihongshi,,8/22/2020 7:10,\N
1436,p15_Finally,vocabulary,xihongshi,,8/22/2020 7:10,\N
1437,p15_arrive,vocabulary,xihongshi,,8/22/2020 7:10,\N
1438,p15_backyard,vocabulary,xihongshi,,8/22/2020 7:10,\N
1439,p15_taking a nap,vocabulary,xihongshi,,8/22/2020 7:10,\N
1440,p15_nextButton,next_button,xihongshi,,8/22/2020 7:10,\N
1441,q14,discussion,xihongshi,a_answer,8/22/2020 7:11,\N
1442,p15_nextButton,next_button,xihongshi,,8/22/2020 7:11,\N
1443,p16_noise,vocabulary,xihongshi,,8/22/2020 7:11,\N
1444,p16_fence,vocabulary,xihongshi,,8/22/2020 7:11,\N
1445,p16_wakes up,vocabulary,xihongshi,,8/22/2020 7:11,\N
1446,p16_sleep,vocabulary,xihongshi,,8/22/2020 7:11,\N
1447,p16_go back,vocabulary,xihongshi,,8/22/2020 7:11,\N
1448,p16_nextButton,next_button,xihongshi,,8/22/2020 7:11,\N
1449,p17_flies,vocabulary,xihongshi,,8/22/2020 7:13,\N
1450,p17_find,vocabulary,xihongshi,,8/22/2020 7:13,\N
1451,p17_cage,vocabulary,xihongshi,,8/22/2020 7:13,\N
1452,p17_open,vocabulary,xihongshi,,8/22/2020 7:13,\N
1453,p17_save,vocabulary,xihongshi,,8/22/2020 7:13,\N
1454,p17_nextButton,next_button,xihongshi,,8/22/2020 7:13,\N
1455,q16,discussion,xihongshi,b_answer,8/22/2020 7:14,\N
1456,p17_nextButton,next_button,xihongshi,,8/22/2020 7:15,\N
1457,p18_Later,vocabulary,xihongshi,,8/22/2020 7:15,\N
1458,p18_party,vocabulary,xihongshi,,8/22/2020 7:15,\N
1459,p18_garden,vocabulary,xihongshi,,8/22/2020 7:15,\N
1460,p18_camouflage,vocabulary,xihongshi,,8/22/2020 7:15,\N
1461,p18_cheer,vocabulary,xihongshi,,8/22/2020 7:15,\N
1462,p18_hero,vocabulary,xihongshi,,8/22/2020 7:15,\N
1463,p18_Hear,vocabulary,xihongshi,,8/22/2020 7:15,\N
1464,p18_begin,vocabulary,xihongshi,,8/22/2020 7:15,\N
1465,p18_cry,vocabulary,xihongshi,,8/22/2020 7:15,\N
1466,p18_joy,vocabulary,xihongshi,,8/22/2020 7:15,\N
1467,p18_tear,vocabulary,xihongshi,,8/22/2020 7:15,\N
1468,p18_nextButton,next_button,xihongshi,,8/22/2020 7:15,\N
1469,p1_nextButton,next_button,xihongshi,,8/22/2020 7:19,\N
1470,p1_nextButton,next_button,xihongshi,,8/22/2020 7:19,\N
1471,p2_nextButton,next_button,xihongshi,,8/22/2020 7:19,\N
1472,p3_nextButton,next_button,xihongshi,,8/22/2020 7:20,\N
1473,q3,discussion,xihongshi,b_answer_112,8/22/2020 7:21,\N
1474,q3,discussion,xihongshi,b_answer_112,8/22/2020 7:21,\N
1475,q3,discussion,xihongshi,b_answer_112,8/22/2020 7:21,\N
1476,q3,discussion,xihongshi,b_answer_112,8/22/2020 7:21,\N
1477,q3,discussion,xihongshi,b_answer_112,8/22/2020 7:22,\N
1478,q3_nextButton,next_button,xihongshi,,8/22/2020 7:22,\N
1479,p4_nextButton,next_button,xihongshi,,8/22/2020 7:23,\N
1480,p5_nextButton,next_button,xihongshi,,8/22/2020 7:24,\N
1481,q5,discussion,xihongshi,c_answer_115,8/22/2020 7:24,\N
1482,q5_nextButton,next_button,xihongshi,,8/22/2020 7:25,\N
1483,p6_nextButton,next_button,xihongshi,,8/22/2020 7:25,\N
1484,q6,discussion,xihongshi,a_answer_121,8/22/2020 7:26,\N
1485,q6,discussion,xihongshi,a_answer_121,8/22/2020 7:26,\N
1486,q6,discussion,xihongshi,a_answer_121,8/22/2020 7:26,\N
1487,q6,discussion,xihongshi,a_answer_121,8/22/2020 7:26,\N
1488,q6_nextButton,next_button,xihongshi,,8/22/2020 7:27,\N
1489,p7_nextButton,next_button,xihongshi,,8/22/2020 7:27,\N
1490,q7,discussion,xihongshi,question_166,8/22/2020 7:28,\N
1491,q7_nextButton,next_button,xihongshi,,8/22/2020 7:28,\N
1492,p8_nextButton,next_button,xihongshi,,8/22/2020 7:29,\N
1493,p9_nextButton,next_button,xihongshi,,8/22/2020 7:29,\N
1494,q9,discussion,xihongshi,b_answer_127,8/22/2020 7:29,\N
1495,q9,discussion,xihongshi,b_answer_127,8/22/2020 7:30,\N
1496,q9_nextButton,next_button,xihongshi,,8/22/2020 7:30,\N
1497,p10_nextButton,next_button,xihongshi,,8/22/2020 7:30,\N
1498,q10_replayButton,replay_button,xihongshi,,8/22/2020 7:31,\N
1499,q10_backButton,back_button,xihongshi,,8/22/2020 7:31,\N
1500,p10_nextButton,next_button,xihongshi,,8/22/2020 7:32,\N
1501,q10,discussion,xihongshi,a_answer_132,8/22/2020 7:32,\N
1502,q10,discussion,xihongshi,a_answer_132,8/22/2020 7:33,\N
1503,q10_nextButton,next_button,xihongshi,,8/22/2020 7:33,\N
1504,p11_nextButton,next_button,xihongshi,,8/22/2020 7:34,\N
1505,p12_nextButton,next_button,xihongshi,,8/22/2020 7:34,\N
1506,p13_nextButton,next_button,xihongshi,,8/22/2020 7:35,\N
1507,p14_nextButton,next_button,xihongshi,,8/22/2020 7:35,\N
1508,q14_nextButton,next_button,xihongshi,,8/22/2020 7:37,\N
1509,p15_nextButton,next_button,xihongshi,,8/22/2020 7:37,\N
1510,p16_nextButton,next_button,xihongshi,,8/22/2020 7:37,\N
1511,q16_nextButton,next_button,xihongshi,,8/22/2020 7:39,\N
1512,p17_nextButton,next_button,xihongshi,,8/22/2020 7:40,\N
1513,q17_nextButton,next_button,xihongshi,,8/22/2020 7:41,\N
1514,p18_nextButton,next_button,xihongshi,,8/22/2020 7:42,\N
1515,q18,discussion,xihongshi,c_answer_143,8/22/2020 7:43,\N
1516,q18_nextButton,next_button,xihongshi,,8/22/2020 7:43,\N
1517,p1_nextButton,next_button,xihongshi,,8/22/2020 7:52,\N
1518,p1_nextButton,next_button,xihongshi,,8/22/2020 7:52,\N
1519,p2_nextButton,next_button,xihongshi,,8/22/2020 7:52,\N
1520,p3_leaf,vocabulary,xihongshi,,8/22/2020 7:53,\N
1521,p3_nextButton,next_button,xihongshi,,8/22/2020 7:53,\N
1522,p4_nextButton,next_button,xihongshi,,8/22/2020 7:53,\N
1523,p5_nextButton,next_button,xihongshi,,8/22/2020 7:53,\N
1524,p6_backButton,back_button,xihongshi,,8/22/2020 7:54,\N
1525,p5_nextButton,next_button,xihongshi,,8/22/2020 7:54,\N
1526,p6_nextButton,next_button,xihongshi,,8/22/2020 7:54,\N
1527,p7_nextButton,next_button,xihongshi,,8/22/2020 7:55,\N
